	accuracy	block	eight_IKI	eight_RT	five_IKI	five_RT	four_IKI	four_RT	group	max_time	movement_time	one_IKI	one_RT	pressed	seq_keys	sequence	seven_IKI	seven_RT	six_IKI	six_RT	subject	three_IKI	three_RT	too_slow	two_IKI	two_RT
0	0	1						239.0	e	3746.0	1152.0	578.0	578.0	[2, 1, 4, 3]	[2, 1, 4, 2, 3, 1, 4, 3]	C					116	432.0	431.0	0	479.0	479.0
1	1	1	432.0	431.0	400.0	399.0	320.0	319.0	e	3746.0	2896.0	504.0	504.0	[3, 2, 4, 1, 2, 4, 3, 1]	[3, 2, 4, 1, 2, 4, 3, 1]	A	608.0	607.0	384.0	383.0	116	464.0	463.0	0	288.0	287.0
2	0	1			384.0	383.0	336.0	335.0	e	3746.0	1728.0	422.0	422.0	[1, 4, 2, 3, 1, 4]	[1, 4, 2, 3, 1, 3, 4, 2]	B				351.0	116	304.0	303.0	0	352.0	351.0
3	0	1	512.0	511.0	528.0	527.0	496.0	495.0	e	3746.0	3216.0	553.0	553.0	[2, 1, 4, 2, 3, 1, 4, 3]	[2, 1, 4, 2, 3, 1, 4, 3]	C	368.0	367.0	384.0	383.0	116	448.0	447.0	1	480.0	479.0
4	1	1	432.0	431.0	464.0	463.0	320.0	319.0	e	3746.0	3247.0	442.0	442.0	[3, 2, 4, 1, 2, 4, 3, 1]	[3, 2, 4, 1, 2, 4, 3, 1]	A	720.0	719.0	432.0	431.0	116	416.0	415.0	0	463.0	463.0
5	1	1	384.0	383.0	416.0	415.0	336.0	335.0	e	3746.0	2800.0	423.0	423.0	[1, 4, 2, 3, 1, 3, 4, 2]	[1, 4, 2, 3, 1, 3, 4, 2]	B	352.0	351.0	512.0	511.0	116	432.0	431.0	0	368.0	367.0
6	1	1	432.0	431.0	528.0	527.0	480.0	479.0	e	3746.0	3120.0	502.0	502.0	[2, 1, 4, 2, 3, 1, 4, 3]	[2, 1, 4, 2, 3, 1, 4, 3]	C	368.0	367.0	448.0	447.0	116	416.0	415.0	0	448.0	447.0
7	1	1	433.0	432.0	464.0	463.0	512.0	511.0	e	3746.0	3057.0	566.0	566.0	[2, 1, 4, 2, 3, 1, 4, 3]	[2, 1, 4, 2, 3, 1, 4, 3]	C	416.0	415.0	384.0	383.0	116	384.0	383.0	0	464.0	463.0
8	1	1	512.0	511.0	496.0	495.0	464.0	463.0	e	3746.0	3136.0	468.0	468.0	[2, 1, 4, 2, 3, 1, 4, 3]	[2, 1, 4, 2, 3, 1, 4, 3]	C	384.0	383.0	496.0	495.0	116	400.0	399.0	0	384.0	383.0
9	0	1			576.0	575.0	464.0	463.0	e	3746.0	2896.0	662.0	662.0	[3, 2, 4, 1, 2, 4, 3]	[3, 2, 4, 1, 2, 4, 3, 1]	A	432.0	431.0	560.0	559.0	116	512.0	511.0	1	352.0	351.0
10	1	1	368.0	367.0	480.0	479.0	448.0	447.0	e	3746.0	2944.0	495.0	495.0	[2, 1, 4, 2, 3, 1, 4, 3]	[2, 1, 4, 2, 3, 1, 4, 3]	C	464.0	463.0	384.0	383.0	116	368.0	367.0	0	432.0	431.0
11	1	1	384.0	383.0	384.0	383.0	320.0	319.0	e	3746.0	2928.0	472.0	472.0	[1, 4, 2, 3, 1, 3, 4, 2]	[1, 4, 2, 3, 1, 3, 4, 2]	B	368.0	367.0	544.0	543.0	116	496.0	495.0	0	432.0	431.0
12	1	1	351.0	351.0	432.0	431.0	320.0	319.0	e	3746.0	2720.0	501.0	501.0	[3, 2, 4, 1, 2, 4, 3, 1]	[3, 2, 4, 1, 2, 4, 3, 1]	A	353.0	352.0	352.0	351.0	116	448.0	447.0	0	464.0	463.0
13	1	1	287.0	287.0	368.0	367.0	432.0	431.0	e	3746.0	2784.0	649.0	649.0	[2, 1, 4, 2, 3, 1, 4, 3]	[2, 1, 4, 2, 3, 1, 4, 3]	C	417.0	416.0	368.0	367.0	116	528.0	527.0	0	384.0	383.0
14	1	1	352.0	351.0	352.0	351.0	320.0	319.0	e	3746.0	2784.0	309.0	309.0	[1, 4, 2, 3, 1, 3, 4, 2]	[1, 4, 2, 3, 1, 3, 4, 2]	B	399.0	399.0	657.0	656.0	116	336.0	335.0	0	368.0	367.0
15	1	1	432.0	431.0	384.0	383.0	320.0	319.0	e	3746.0	2768.0	549.0	549.0	[1, 4, 2, 3, 1, 3, 4, 2]	[1, 4, 2, 3, 1, 3, 4, 2]	B	432.0	431.0	512.0	511.0	116	352.0	351.0	0	336.0	335.0
16	1	1	496.0	495.0	368.0	367.0	336.0	335.0	e	3746.0	2976.0	531.0	531.0	[1, 4, 2, 3, 1, 3, 4, 2]	[1, 4, 2, 3, 1, 3, 4, 2]	B	544.0	543.0	496.0	495.0	116	368.0	367.0	0	368.0	367.0
17	1	1	384.0	383.0	432.0	431.0	336.0	335.0	e	3746.0	3088.0	581.0	581.0	[1, 4, 2, 3, 1, 3, 4, 2]	[1, 4, 2, 3, 1, 3, 4, 2]	B	400.0	399.0	576.0	575.0	116	560.0	559.0	0	400.0	399.0
18	1	1	480.0	479.0	496.0	495.0	608.0	607.0	e	3746.0	3215.0	501.0	501.0	[2, 1, 4, 2, 3, 1, 4, 3]	[2, 1, 4, 2, 3, 1, 4, 3]	C	431.0	431.0	321.0	320.0	116	416.0	415.0	0	463.0	463.0
19	1	1	336.0	335.0	368.0	367.0	319.0	319.0	e	3746.0	2720.0	468.0	468.0	[1, 4, 2, 3, 1, 3, 4, 2]	[1, 4, 2, 3, 1, 3, 4, 2]	B	480.0	479.0	464.0	463.0	116	369.0	368.0	0	384.0	383.0
20	1	1	415.0	415.0	448.0	447.0	336.0	335.0	e	3746.0	2895.0	615.0	615.0	[1, 4, 2, 3, 1, 3, 4, 2]	[1, 4, 2, 3, 1, 3, 4, 2]	B	513.0	512.0	448.0	447.0	116	336.0	335.0	0	399.0	399.0
21	0	1		319.0	432.0	431.0	336.0	335.0	e	3746.0	2480.0	452.0	452.0	[3, 2, 4, 1, 2, 4, 3, 2]	[3, 2, 4, 1, 2, 4, 3, 1]	A	320.0	319.0	352.0	351.0	116	384.0	383.0	0	336.0	335.0
22	0	1		319.0	528.0	527.0	672.0	671.0	e	3746.0	3072.0	485.0	485.0	[3, 2, 4, 1, 2, 4, 3, 2]	[3, 2, 4, 1, 2, 4, 3, 1]	A	336.0	335.0	400.0	399.0	116	432.0	431.0	0	384.0	383.0
23	1	1	512.0	511.0	464.0	463.0	336.0	335.0	e	3746.0	3088.0	550.0	550.0	[3, 2, 4, 1, 2, 4, 3, 1]	[3, 2, 4, 1, 2, 4, 3, 1]	A	560.0	559.0	368.0	367.0	116	400.0	399.0	0	448.0	447.0
24	1	1	496.0	495.0	496.0	495.0	336.0	335.0	e	3746.0	2832.0	468.0	468.0	[3, 2, 4, 1, 2, 4, 3, 1]	[3, 2, 4, 1, 2, 4, 3, 1]	A	432.0	431.0	384.0	383.0	116	416.0	415.0	0	272.0	271.0
25	1	1	464.0	463.0	528.0	527.0	352.0	351.0	e	3746.0	2944.0	502.0	502.0	[3, 2, 4, 1, 2, 4, 3, 1]	[3, 2, 4, 1, 2, 4, 3, 1]	A	400.0	399.0	384.0	383.0	116	384.0	383.0	0	432.0	431.0
26	0	1	496.0	495.0	464.0	463.0	415.0	415.0	e	3429.0	3200.0	528.0	528.0	[2, 1, 4, 2, 3, 1, 4, 3]	[2, 1, 4, 2, 3, 1, 4, 3]	C	448.0	447.0	320.0	319.0	116	401.0	400.0	1	656.0	655.0
27	0	1		367.0	512.0	511.0	384.0	383.0	e	3429.0	2639.0	530.0	530.0	[3, 2, 4, 1, 2, 4, 3, 2]	[3, 2, 4, 1, 2, 4, 3, 1]	A	320.0	319.0	384.0	383.0	116	384.0	383.0	0	287.0	287.0
28	0	1	544.0	543.0	384.0	383.0	320.0	319.0	e	3429.0	3152.0	530.0	530.0	[1, 4, 2, 3, 1, 3, 4, 2]	[1, 4, 2, 3, 1, 3, 4, 2]	B	480.0	479.0	592.0	591.0	116	384.0	383.0	1	448.0	447.0
29	1	1	416.0	416.0	400.0	399.0	480.0	479.0	e	3429.0	2865.0	434.0	434.0	[2, 1, 4, 2, 3, 1, 4, 3]	[2, 1, 4, 2, 3, 1, 4, 3]	C	369.0	368.0	336.0	335.0	116	416.0	415.0	0	448.0	447.0
30	1	1	400.0	399.0	448.0	447.0	432.0	431.0	e	3429.0	2944.0	479.0	479.0	[2, 1, 4, 2, 3, 1, 4, 3]	[2, 1, 4, 2, 3, 1, 4, 3]	C	448.0	447.0	384.0	383.0	116	368.0	367.0	0	464.0	463.0
31	0	1		367.0	368.0	367.0	319.0	319.0	e	3429.0	2911.0	575.0	575.0	[1, 4, 2, 3, 1, 3, 4, 3]	[1, 4, 2, 3, 1, 3, 4, 2]	B	448.0	447.0	528.0	527.0	116	497.0	496.0	0	383.0	383.0
32	0	1	448.0	447.0	352.0	351.0	464.0	463.0	e	3429.0	3183.0	530.0	530.0	[2, 1, 4, 2, 3, 1, 4, 3]	[2, 1, 4, 2, 3, 1, 4, 3]	C	432.0	431.0	400.0	399.0	116	416.0	415.0	1	671.0	671.0
33	0	1	592.0	591.0	496.0	495.0	304.0	303.0	e	3429.0	2912.0	553.0	553.0	[3, 2, 4, 1, 2, 4, 3, 1]	[3, 2, 4, 1, 2, 4, 3, 1]	A	352.0	351.0	400.0	399.0	116	400.0	399.0	1	368.0	367.0
34	1	1	448.0	447.0	416.0	415.0	304.0	303.0	e	3429.0	2720.0	449.0	449.0	[3, 2, 4, 1, 2, 4, 3, 1]	[3, 2, 4, 1, 2, 4, 3, 1]	A	352.0	351.0	352.0	351.0	116	368.0	367.0	0	480.0	479.0
35	1	1	336.0	335.0	432.0	431.0	320.0	319.0	e	3429.0	2688.0	430.0	430.0	[1, 4, 2, 3, 1, 3, 4, 2]	[1, 4, 2, 3, 1, 3, 4, 2]	B	352.0	351.0	560.0	559.0	116	304.0	303.0	0	384.0	383.0
36	0	2	399.0	399.0	433.0	432.0	528.0	527.0	e	3390.0	3344.0	514.0	514.0	[2, 1, 4, 2, 3, 1, 4, 3]	[2, 1, 4, 2, 3, 1, 4, 3]	C	449.0	448.0	399.0	399.0	116	496.0	495.0	1	640.0	639.0
37	1	2	480.0	479.0	432.0	431.0	304.0	303.0	e	3390.0	2704.0	503.0	503.0	[3, 2, 4, 1, 2, 4, 3, 1]	[3, 2, 4, 1, 2, 4, 3, 1]	A	352.0	351.0	368.0	367.0	116	400.0	399.0	0	368.0	367.0
38	0	2		319.0	464.0	463.0	288.0	287.0	e	3360.0	2528.0	461.0	461.0	[3, 2, 4, 1, 2, 4, 3, 2]	[3, 2, 4, 1, 2, 4, 3, 1]	A	304.0	303.0	352.0	351.0	116	368.0	367.0	0	432.0	431.0
39	0	2	481.0	480.0	416.0	415.0	480.0	479.0	e	3360.0	2945.0	564.0	564.0	[2, 1, 4, 2, 3, 1, 4, 3]	[2, 1, 4, 2, 3, 1, 4, 3]	C	384.0	383.0	336.0	335.0	116	400.0	399.0	1	448.0	447.0
40	0	2							e	3360.0	0.0		417.0	[3]	[2, 1, 4, 2, 3, 1, 4, 3]	C					116			0		
41	1	2	320.0	319.0	384.0	383.0	336.0	335.0	e	3360.0	2768.0	432.0	432.0	[1, 4, 2, 3, 1, 3, 4, 2]	[1, 4, 2, 3, 1, 3, 4, 2]	B	448.0	447.0	528.0	527.0	116	304.0	303.0	0	448.0	447.0
42	0	2	416.0	415.0	433.0	432.0	336.0	335.0	e	3327.0	3280.0	445.0	445.0	[1, 4, 2, 3, 1, 3, 4, 2]	[1, 4, 2, 3, 1, 3, 4, 2]	B	592.0	591.0	687.0	687.0	116	368.0	367.0	1	448.0	447.0
43	1	2	384.0	383.0	400.0	399.0	304.0	303.0	e	3327.0	2688.0	516.0	516.0	[1, 4, 2, 3, 1, 3, 4, 2]	[1, 4, 2, 3, 1, 3, 4, 2]	B	416.0	415.0	496.0	495.0	116	336.0	335.0	0	352.0	351.0
44	0	2	480.0	479.0	496.0	495.0	384.0	383.0	e	3285.0	2879.0	572.0	572.0	[2, 1, 4, 2, 3, 1, 4, 3]	[2, 1, 4, 2, 3, 1, 4, 3]	C	352.0	351.0	384.0	383.0	116	352.0	351.0	1	431.0	431.0
45	0	2	544.0	544.0	528.0	527.0	288.0	287.0	e	3285.0	2944.0	479.0	479.0	[3, 2, 4, 1, 2, 4, 3, 1]	[3, 2, 4, 1, 2, 4, 3, 1]	A	385.0	384.0	384.0	383.0	116	368.0	367.0	1	447.0	447.0
46	0	2	368.0	367.0	736.0	735.0	400.0	399.0	e	3285.0	3136.0	609.0	609.0	[3, 2, 4, 1, 2, 4, 3, 1]	[3, 2, 4, 1, 2, 4, 3, 1]	A	319.0	319.0	481.0	480.0	116	416.0	415.0	1	416.0	415.0
47	1	2	432.0	431.0	512.0	511.0	320.0	319.0	e	3285.0	2719.0	513.0	513.0	[3, 2, 4, 1, 2, 4, 3, 1]	[3, 2, 4, 1, 2, 4, 3, 1]	A	384.0	383.0	368.0	367.0	116	431.0	431.0	0	272.0	272.0
48	0	2	576.0	575.0	576.0	575.0	592.0	591.0	e	3285.0	3423.0	559.0	559.0	[2, 1, 4, 2, 3, 1, 4, 3]	[2, 1, 4, 2, 3, 1, 4, 3]	C	464.0	463.0	368.0	367.0	116	368.0	367.0	1	479.0	479.0
49	0	2	576.0	575.0	496.0	495.0	351.0	351.0	e	3285.0	2896.0	480.0	480.0	[3, 2, 4, 1, 2, 4, 3, 1]	[3, 2, 4, 1, 2, 4, 3, 1]	A	336.0	335.0	368.0	367.0	116	401.0	400.0	1	368.0	367.0
50	0	2							e	3285.0	912.0	671.0	671.0	[2, 2]	[2, 1, 4, 2, 3, 1, 4, 3]	C					116			0		911.0
51	0	2						223.0	e	3285.0	976.0	593.0	593.0	[2, 1, 4, 3]	[2, 1, 4, 2, 3, 1, 4, 3]	C					116	352.0	351.0	0	400.0	399.0
52	0	2			432.0	431.0	416.0	415.0	e	3285.0	2736.0	783.0	783.0	[1, 4, 2, 3, 1, 3, 4]	[1, 4, 2, 3, 1, 3, 4, 2]	B	464.0	463.0	432.0	431.0	116	432.0	431.0	1	560.0	559.0
53	0	2	512.0	511.0	416.0	415.0	480.0	479.0	e	3285.0	3120.0	622.0	622.0	[2, 1, 4, 2, 3, 1, 4, 3]	[2, 1, 4, 2, 3, 1, 4, 3]	C	448.0	447.0	368.0	367.0	116	416.0	415.0	1	480.0	479.0
54	0	2	512.0	511.0	528.0	527.0	320.0	319.0	e	3285.0	3056.0	524.0	524.0	[3, 2, 4, 1, 2, 4, 3, 1]	[3, 2, 4, 1, 2, 4, 3, 1]	A	399.0	399.0	433.0	432.0	116	432.0	431.0	1	432.0	431.0
55	0	2			336.0	335.0	320.0	319.0	e	3285.0	1808.0	533.0	533.0	[1, 4, 2, 3, 1, 4]	[1, 4, 2, 3, 1, 3, 4, 2]	B				367.0	116	464.0	463.0	0	320.0	319.0
56	0	2	449.0	448.0	367.0	367.0	321.0	320.0	e	3285.0	2912.0	437.0	437.0	[1, 4, 2, 3, 1, 3, 4, 2]	[1, 4, 2, 3, 1, 3, 4, 2]	B	448.0	447.0	624.0	623.0	116	352.0	351.0	1	351.0	351.0
57	0	2	576.0	575.0	512.0	511.0	367.0	367.0	e	3285.0	3167.0	639.0	639.0	[3, 2, 4, 1, 2, 4, 3, 1]	[3, 2, 4, 1, 2, 4, 3, 1]	A	464.0	463.0	400.0	399.0	116	481.0	480.0	1	367.0	367.0
58	0	2			768.0	767.0	336.0	335.0	e	3285.0	2960.0	638.0	638.0	[3, 2, 4, 1, 2, 4, 3]	[3, 2, 4, 1, 2, 4, 3, 1]	A	608.0	607.0	464.0	463.0	116	416.0	415.0	1	368.0	367.0
59	0	2							e	3285.0	33.0	645.0	645.0	[2, 3]	[2, 1, 4, 2, 3, 1, 4, 3]	C					116			0		32.0
60	0	2	416.0	415.0	369.0	368.0	336.0	335.0	e	3285.0	2735.0	688.0	688.0	[1, 4, 2, 3, 1, 3, 4, 2]	[1, 4, 2, 3, 1, 3, 4, 2]	B	480.0	479.0	367.0	367.0	116	352.0	351.0	1	415.0	415.0
61	0	2	688.0	687.0	512.0	511.0	512.0	511.0	e	3285.0	3264.0	573.0	573.0	[2, 1, 4, 2, 3, 1, 4, 3]	[2, 1, 4, 2, 3, 1, 4, 3]	C	368.0	367.0	336.0	335.0	116	400.0	399.0	1	448.0	447.0
62	0	2	576.0	575.0	528.0	527.0	352.0	351.0	e	3285.0	3151.0	544.0	544.0	[3, 2, 4, 1, 2, 4, 3, 1]	[3, 2, 4, 1, 2, 4, 3, 1]	A	528.0	527.0	400.0	399.0	116	400.0	399.0	1	367.0	367.0
63	0	2	577.0	576.0	352.0	351.0	528.0	527.0	e	3285.0	3329.0	527.0	527.0	[1, 4, 2, 3, 1, 3, 4, 2]	[1, 4, 2, 3, 1, 3, 4, 2]	B	432.0	431.0	544.0	543.0	116	464.0	463.0	1	432.0	431.0
64	0	2			1009.0	1008.0	544.0	543.0	e	3285.0	3152.0	558.0	558.0	[2, 1, 4, 2, 3, 1, 4]	[2, 1, 4, 2, 3, 1, 4, 3]	C	384.0	383.0	415.0	415.0	116	352.0	351.0	1	448.0	447.0
65	0	2	560.0	559.0	320.0	319.0	288.0	287.0	e	3285.0	2720.0	621.0	621.0	[1, 4, 2, 3, 1, 3, 4, 2]	[1, 4, 2, 3, 1, 3, 4, 2]	B	400.0	399.0	528.0	527.0	116	320.0	319.0	1	304.0	303.0
66	1	2	352.0	351.0	336.0	335.0	304.0	303.0	e	3285.0	2496.0	541.0	541.0	[1, 4, 2, 3, 1, 3, 4, 2]	[1, 4, 2, 3, 1, 3, 4, 2]	B	416.0	415.0	432.0	431.0	116	304.0	303.0	0	352.0	351.0
67	0	2			352.0	351.0	320.0	319.0	e	3286.0	1663.0	493.0	493.0	[1, 4, 2, 3, 1, 4]	[1, 4, 2, 3, 1, 3, 4, 2]	B				335.0	116	320.0	319.0	0	335.0	335.0
68	0	2	400.0	399.0	496.0	495.0	288.0	287.0	e	3286.0	2752.0	557.0	557.0	[3, 2, 4, 1, 2, 4, 3, 1]	[3, 2, 4, 1, 2, 4, 3, 1]	A	368.0	367.0	416.0	415.0	116	416.0	415.0	1	368.0	367.0
69	0	2			657.0	656.0	560.0	559.0	e	3286.0	2992.0	653.0	653.0	[2, 1, 4, 2, 3, 3]	[2, 1, 4, 2, 3, 1, 4, 3]	C				447.0	116	592.0	591.0	0	736.0	735.0
70	1	2	464.0	463.0	336.0	335.0	320.0	319.0	e	3286.0	2608.0	383.0	383.0	[1, 4, 2, 3, 1, 3, 4, 2]	[1, 4, 2, 3, 1, 3, 4, 2]	B	416.0	415.0	432.0	431.0	116	320.0	319.0	0	320.0	319.0
71	0	2	432.0	431.0	640.0	639.0	336.0	335.0	e	3269.0	3039.0	605.0	605.0	[3, 2, 4, 1, 2, 4, 3, 1]	[3, 2, 4, 1, 2, 4, 3, 1]	A	384.0	383.0	464.0	463.0	116	416.0	415.0	1	367.0	367.0
72	0	3			672.0	671.0	384.0	383.0	e	3269.0	2496.0	1330.0	1330.0	[3, 2, 4, 1, 2, 4]	[3, 2, 4, 1, 2, 4, 3, 1]	A			448.0	447.0	116	464.0	463.0	1	528.0	527.0
73	0	3	496.0	495.0	448.0	447.0	336.0	335.0	e	3269.0	3056.0	606.0	606.0	[3, 2, 4, 1, 2, 4, 3, 1]	[3, 2, 4, 1, 2, 4, 3, 1]	A	448.0	447.0	448.0	447.0	116	432.0	431.0	1	448.0	447.0
74	0	3	448.0	447.0	368.0	367.0	368.0	367.0	e	3269.0	3472.0	478.0	478.0	[1, 4, 2, 3, 1, 3, 4, 2]	[1, 4, 2, 3, 1, 3, 4, 2]	B	512.0	511.0	832.0	831.0	116	464.0	463.0	1	480.0	479.0
75	0	3	448.0	447.0	368.0	367.0	384.0	383.0	e	3269.0	3072.0	636.0	636.0	[1, 4, 2, 3, 1, 3, 4, 2]	[1, 4, 2, 3, 1, 3, 4, 2]	B	480.0	479.0	544.0	543.0	116	384.0	383.0	1	464.0	463.0
76	0	3	464.0	463.0	464.0	463.0	416.0	415.0	e	3269.0	3039.0	626.0	626.0	[2, 1, 4, 2, 3, 1, 4, 3]	[2, 1, 4, 2, 3, 1, 4, 3]	C	400.0	399.0	368.0	367.0	116	464.0	463.0	1	463.0	463.0
77	0	3	545.0	544.0	544.0	543.0	288.0	287.0	e	3269.0	3345.0	447.0	447.0	[3, 2, 4, 1, 2, 4, 3, 1]	[3, 2, 4, 1, 2, 4, 3, 1]	A	608.0	607.0	528.0	527.0	116	431.0	431.0	1	401.0	400.0
78	0	3	415.0	415.0	352.0	351.0	384.0	383.0	e	3269.0	3072.0	636.0	636.0	[1, 4, 2, 3, 1, 3, 4, 2]	[1, 4, 2, 3, 1, 3, 4, 2]	B	529.0	528.0	656.0	655.0	116	368.0	367.0	1	368.0	367.0
79	0	3				1327.0	416.0	415.0	e	3269.0	2864.0	652.0	652.0	[3, 2, 4, 1, 1]	[3, 2, 4, 1, 2, 4, 3, 1]	A					116	480.0	479.0	0	640.0	639.0
80	0	3						287.0	e	3269.0	1600.0	765.0	765.0	[2, 1, 4, 3]	[2, 1, 4, 2, 3, 1, 4, 3]	C					116	544.0	543.0	0	768.0	767.0
81	0	3						287.0	e	3269.0	1200.0	592.0	592.0	[2, 1, 4, 3]	[2, 1, 4, 2, 3, 1, 4, 3]	C					116	464.0	463.0	0	448.0	447.0
82	0	3			480.0	479.0	272.0	271.0	e	3269.0	1776.0	475.0	475.0	[3, 2, 4, 1, 2, 3]	[3, 2, 4, 1, 2, 4, 3, 1]	A				367.0	116	368.0	367.0	0	288.0	287.0
83	1	3	369.0	368.0	432.0	431.0	288.0	287.0	e	3269.0	2609.0	476.0	476.0	[1, 4, 2, 3, 1, 3, 4, 2]	[1, 4, 2, 3, 1, 3, 4, 2]	B	448.0	447.0	352.0	351.0	116	352.0	351.0	0	368.0	367.0
84	0	3	383.0	383.0	400.0	399.0	432.0	431.0	e	3269.0	2927.0	723.0	723.0	[2, 1, 4, 2, 3, 1, 4, 3]	[2, 1, 4, 2, 3, 1, 4, 3]	C	465.0	464.0	384.0	383.0	116	480.0	479.0	1	383.0	383.0
85	0	3			672.0	671.0	512.0	511.0	e	3269.0	3088.0	412.0	412.0	[2, 1, 4, 2, 3, 1, 4]	[2, 1, 4, 2, 3, 1, 4, 3]	C	464.0	463.0	560.0	559.0	116	400.0	399.0	1	480.0	479.0
86	0	3	433.0	432.0	480.0	479.0	624.0	623.0	e	3269.0	3073.0	832.0	832.0	[2, 1, 4, 2, 3, 1, 4, 3]	[2, 1, 4, 2, 3, 1, 4, 3]	C	400.0	399.0	368.0	367.0	116	400.0	399.0	1	368.0	367.0
87	0	3		383.0	336.0	335.0	400.0	399.0	e	3269.0	2480.0	556.0	556.0	[1, 4, 2, 3, 1, 3, 4, 1]	[1, 4, 2, 3, 1, 3, 4, 2]	B	432.0	431.0	400.0	399.0	116	256.0	255.0	0	272.0	271.0
88	0	3	448.0	447.0	448.0	447.0	288.0	287.0	e	3269.0	2607.0	743.0	743.0	[2, 1, 4, 2, 3, 1, 4, 3]	[2, 1, 4, 2, 3, 1, 4, 3]	C	400.0	399.0	352.0	351.0	116	336.0	335.0	1	335.0	335.0
89	1	3	496.0	495.0	416.0	415.0	352.0	351.0	e	3269.0	2784.0	425.0	425.0	[1, 4, 2, 3, 1, 3, 4, 2]	[1, 4, 2, 3, 1, 3, 4, 2]	B	496.0	495.0	384.0	383.0	116	336.0	335.0	0	304.0	303.0
90	0	3	496.0	495.0	592.0	591.0	496.0	495.0	e	3247.0	3472.0	426.0	426.0	[2, 1, 4, 2, 3, 1, 4, 3]	[2, 1, 4, 2, 3, 1, 4, 3]	C	656.0	655.0	400.0	399.0	116	352.0	351.0	1	480.0	479.0
91	0	3							e	3247.0	0.0		930.0	[4]	[3, 2, 4, 1, 2, 4, 3, 1]	A					116			0		
92	1	3	448.0	447.0	448.0	447.0	368.0	367.0	e	3247.0	2784.0	461.0	461.0	[3, 2, 4, 1, 2, 4, 3, 1]	[3, 2, 4, 1, 2, 4, 3, 1]	A	384.0	383.0	384.0	383.0	116	384.0	383.0	0	368.0	367.0
93	0	3			608.0	607.0	448.0	447.0	e	3244.0	2704.0	798.0	798.0	[2, 1, 4, 2, 3, 1, 4]	[2, 1, 4, 2, 3, 1, 4, 3]	C	464.0	463.0	400.0	399.0	116	320.0	319.0	1	464.0	463.0
94	0	3	400.0	399.0	448.0	447.0	304.0	303.0	e	3244.0	2640.0	631.0	631.0	[3, 2, 4, 1, 2, 4, 3, 1]	[3, 2, 4, 1, 2, 4, 3, 1]	A	368.0	367.0	384.0	383.0	116	384.0	383.0	1	352.0	351.0
95	1	3	336.0	335.0	544.0	543.0	288.0	287.0	e	3244.0	2672.0	444.0	444.0	[3, 2, 4, 1, 2, 4, 3, 1]	[3, 2, 4, 1, 2, 4, 3, 1]	A	352.0	351.0	368.0	367.0	116	384.0	383.0	0	400.0	399.0
96	0	3		383.0	384.0	383.0	336.0	335.0	e	3188.0	3200.0	523.0	523.0	[1, 4, 2, 3, 1, 3, 4, 4]	[1, 4, 2, 3, 1, 3, 4, 2]	B	544.0	543.0	752.0	751.0	116	384.0	383.0	0	416.0	415.0
97	0	3			688.0	687.0	640.0	639.0	e	3188.0	2623.0	1309.0	1309.0	[1, 4, 2, 3, 1]	[1, 4, 2, 3, 1, 3, 4, 2]	B					116	608.0	607.0	1	687.0	687.0
98	0	3	543.0	543.0	576.0	575.0	416.0	415.0	e	3188.0	3184.0	644.0	644.0	[2, 1, 4, 2, 3, 1, 4, 3]	[2, 1, 4, 2, 3, 1, 4, 3]	C	417.0	416.0	368.0	367.0	116	432.0	431.0	1	432.0	431.0
99	0	3			337.0	335.0	352.0	351.0	e	3188.0	2496.0	1084.0	1084.0	[1, 4, 2, 3, 1, 3, 4]	[1, 4, 2, 3, 1, 3, 4, 2]	B	464.0	463.0	479.0	479.0	116	336.0	335.0	1	528.0	527.0
100	0	3	592.0	591.0	528.0	527.0	416.0	415.0	e	3188.0	3151.0	489.0	489.0	[3, 2, 4, 1, 2, 4, 3, 1]	[3, 2, 4, 1, 2, 4, 3, 1]	A	432.0	431.0	384.0	383.0	116	384.0	383.0	1	415.0	415.0
101	0	3			528.0	527.0	592.0	591.0	e	3188.0	2832.0	779.0	779.0	[2, 1, 4, 2, 3, 1, 4]	[2, 1, 4, 2, 3, 1, 4, 3]	C	464.0	463.0	416.0	415.0	116	448.0	447.0	1	384.0	383.0
102	0	3			640.0	639.0	432.0	431.0	e	3188.0	3008.0	589.0	589.0	[2, 1, 4, 2, 3, 1, 4]	[2, 1, 4, 2, 3, 1, 4, 3]	C	592.0	591.0	496.0	495.0	116	447.0	447.0	1	401.0	400.0
103	0	3	352.0	351.0	352.0	351.0	416.0	415.0	e	3188.0	2736.0	575.0	575.0	[1, 4, 2, 3, 1, 3, 4, 2]	[1, 4, 2, 3, 1, 3, 4, 2]	B	464.0	463.0	432.0	431.0	116	320.0	319.0	1	400.0	399.0
104	0	3			400.0	399.0	272.0	271.0	e	3188.0	1584.0	617.0	617.0	[3, 2, 4, 1, 2, 3]	[3, 2, 4, 1, 2, 4, 3, 1]	A				271.0	116	336.0	335.0	0	304.0	303.0
105	0	3			352.0	351.0	288.0	287.0	e	3188.0	1552.0	471.0	471.0	[1, 4, 2, 3, 1, 4]	[1, 4, 2, 3, 1, 3, 4, 2]	B				287.0	116	336.0	335.0	0	288.0	287.0
106	0	3		336.0	432.0	431.0	256.0	255.0	e	3188.0	2385.0	474.0	474.0	[3, 2, 4, 1, 2, 4, 3, 2]	[3, 2, 4, 1, 2, 4, 3, 1]	A	352.0	351.0	320.0	319.0	116	368.0	367.0	0	320.0	319.0
107	0	3				303.0	320.0	319.0	e	3188.0	1232.0	331.0	331.0	[1, 4, 2, 3, 2]	[1, 4, 2, 3, 1, 3, 4, 2]	B					116	288.0	287.0	0	320.0	319.0
108	0	4				335.0	288.0	287.0	e	3188.0	1296.0	802.0	802.0	[1, 4, 2, 3, 2]	[1, 4, 2, 3, 1, 3, 4, 2]	B					116	320.0	319.0	0	352.0	351.0
109	0	4	352.0	351.0	369.0	368.0	384.0	383.0	e	3188.0	2704.0	572.0	572.0	[2, 1, 4, 2, 3, 1, 4, 3]	[2, 1, 4, 2, 3, 1, 4, 3]	C	400.0	399.0	335.0	335.0	116	448.0	447.0	1	416.0	415.0
110	1	4	352.0	351.0	337.0	336.0	320.0	319.0	e	3188.0	2576.0	381.0	381.0	[1, 4, 2, 3, 1, 3, 4, 2]	[1, 4, 2, 3, 1, 3, 4, 2]	B	416.0	415.0	559.0	559.0	116	272.0	271.0	0	320.0	319.0
111	0	4			704.0	703.0	416.0	415.0	e	3188.0	3007.0	840.0	840.0	[2, 1, 4, 2, 3, 1]	[2, 1, 4, 2, 3, 1, 4, 3]	C			368.0	367.0	116	736.0	735.0	1	783.0	783.0
112	0	4	432.0	431.0	448.0	447.0	400.0	399.0	e	3188.0	2912.0	591.0	591.0	[2, 1, 4, 2, 3, 1, 4, 3]	[2, 1, 4, 2, 3, 1, 4, 3]	C	416.0	415.0	336.0	335.0	116	432.0	431.0	1	448.0	447.0
113	0	4			272.0	271.0	320.0	319.0	e	3188.0	1568.0	684.0	684.0	[1, 4, 2, 3, 1, 4]	[1, 4, 2, 3, 1, 3, 4, 2]	B				319.0	116	288.0	287.0	0	368.0	367.0
114	1	4	368.0	367.0	384.0	383.0	256.0	255.0	e	3188.0	2416.0	650.0	650.0	[3, 2, 4, 1, 2, 4, 3, 1]	[3, 2, 4, 1, 2, 4, 3, 1]	A	335.0	335.0	417.0	416.0	116	336.0	335.0	0	320.0	319.0
115	0	4						303.0	e	3187.0	1088.0	489.0	489.0	[2, 1, 4, 3]	[2, 1, 4, 2, 3, 1, 4, 3]	C					116	384.0	383.0	0	400.0	399.0
116	0	4							e	3187.0	656.0	3131.0	3131.0	[1, 4, 2]	[1, 4, 2, 3, 1, 3, 4, 2]	B					116	272.0	271.0	1	384.0	383.0
117	0	4			480.0	479.0	384.0	383.0	e	3187.0	2320.0	1333.0	1333.0	[2, 1, 4, 2, 3, 1, 4]	[2, 1, 4, 2, 3, 1, 4, 3]	C	384.0	383.0	304.0	303.0	116	304.0	303.0	1	464.0	463.0
118	0	4			336.0	335.0	256.0	255.0	e	3187.0	1631.0	602.0	602.0	[1, 4, 2, 3, 1, 4]	[1, 4, 2, 3, 1, 3, 4, 2]	B				335.0	116	400.0	399.0	0	303.0	303.0
119	0	4			384.0	383.0	320.0	319.0	e	3187.0	1536.0	439.0	439.0	[1, 4, 2, 3, 1, 4]	[1, 4, 2, 3, 1, 3, 4, 2]	B				303.0	116	272.0	271.0	0	256.0	255.0
120	0	4		303.0	448.0	447.0	304.0	303.0	e	3187.0	2336.0	587.0	587.0	[3, 2, 4, 1, 2, 4, 3, 2]	[3, 2, 4, 1, 2, 4, 3, 1]	A	321.0	320.0	320.0	319.0	116	384.0	383.0	0	256.0	255.0
121	1	4	448.0	447.0	480.0	479.0	287.0	287.0	e	3187.0	2544.0	509.0	509.0	[3, 2, 4, 1, 2, 4, 3, 1]	[3, 2, 4, 1, 2, 4, 3, 1]	A	352.0	351.0	352.0	351.0	116	385.0	384.0	0	240.0	239.0
122	0	4		415.0	480.0	479.0	288.0	287.0	e	3172.0	2720.0	487.0	487.0	[3, 2, 4, 1, 2, 4, 3, 2]	[3, 2, 4, 1, 2, 4, 3, 1]	A	400.0	399.0	368.0	367.0	116	352.0	351.0	0	416.0	415.0
123	0	4							e	3172.0	0.0		394.0	[4]	[3, 2, 4, 1, 2, 4, 3, 1]	A					116			0		
124	0	4	624.0	623.0	352.0	351.0	304.0	303.0	e	3172.0	2896.0	457.0	457.0	[1, 4, 2, 3, 1, 3, 4, 2]	[1, 4, 2, 3, 1, 3, 4, 2]	B	384.0	383.0	448.0	447.0	116	384.0	383.0	1	400.0	399.0
125	0	4			352.0	351.0	336.0	335.0	e	3172.0	1696.0	442.0	442.0	[1, 4, 2, 3, 1, 4]	[1, 4, 2, 3, 1, 3, 4, 2]	B				383.0	116	303.0	303.0	0	321.0	320.0
126	0	4	416.0	415.0	496.0	495.0	320.0	319.0	e	3172.0	2752.0	467.0	467.0	[3, 2, 4, 1, 2, 4, 3, 1]	[3, 2, 4, 1, 2, 4, 3, 1]	A	352.0	351.0	384.0	383.0	116	384.0	383.0	1	400.0	399.0
127	0	4	464.0	463.0	512.0	511.0	368.0	367.0	e	3172.0	3024.0	808.0	808.0	[3, 2, 4, 1, 2, 4, 3, 1]	[3, 2, 4, 1, 2, 4, 3, 1]	A	367.0	367.0	433.0	432.0	116	432.0	431.0	1	448.0	447.0
128	1	4	368.0	367.0	464.0	463.0	319.0	319.0	e	3172.0	2528.0	475.0	475.0	[3, 2, 4, 1, 2, 4, 3, 1]	[3, 2, 4, 1, 2, 4, 3, 1]	A	319.0	319.0	353.0	352.0	116	401.0	400.0	0	304.0	303.0
129	0	4			384.0	383.0	304.0	303.0	e	3156.0	1551.0	487.0	487.0	[1, 4, 2, 3, 1, 4]	[1, 4, 2, 3, 1, 3, 4, 2]	B				319.0	116	272.0	271.0	0	271.0	271.0
130	0	4	400.0	399.0	384.0	383.0	432.0	431.0	e	3156.0	2975.0	491.0	491.0	[2, 1, 4, 2, 3, 1, 4, 3]	[2, 1, 4, 2, 3, 1, 4, 3]	C	400.0	399.0	416.0	415.0	116	512.0	511.0	1	431.0	431.0
131	0	4			384.0	383.0	320.0	319.0	e	3156.0	1728.0	381.0	381.0	[1, 4, 2, 3, 1, 4]	[1, 4, 2, 3, 1, 3, 4, 2]	B				399.0	116	304.0	303.0	0	320.0	319.0
132	0	4	688.0	687.0	496.0	495.0	320.0	319.0	e	3156.0	3072.0	507.0	507.0	[3, 2, 4, 1, 2, 4, 3, 1]	[3, 2, 4, 1, 2, 4, 3, 1]	A	464.0	463.0	448.0	447.0	116	368.0	367.0	1	288.0	287.0
133	0	4	384.0	383.0	624.0	623.0	352.0	351.0	e	3156.0	2992.0	526.0	526.0	[2, 1, 4, 2, 3, 1, 4, 3]	[2, 1, 4, 2, 3, 1, 4, 3]	C	368.0	367.0	416.0	415.0	116	384.0	383.0	1	464.0	463.0
134	0	4	511.0	511.0	512.0	511.0	304.0	303.0	e	3156.0	2864.0	458.0	458.0	[3, 2, 4, 1, 2, 4, 3, 1]	[3, 2, 4, 1, 2, 4, 3, 1]	A	417.0	415.0	352.0	351.0	116	368.0	367.0	1	400.0	399.0
135	1	4	400.0	399.0	496.0	495.0	272.0	271.0	e	3156.0	2640.0	504.0	504.0	[3, 2, 4, 1, 2, 4, 3, 1]	[3, 2, 4, 1, 2, 4, 3, 1]	A	304.0	303.0	400.0	399.0	116	384.0	383.0	0	384.0	383.0
136	0	4				415.0	368.0	367.0	e	3163.0	1744.0	887.0	887.0	[2, 1, 4, 2, 4]	[2, 1, 4, 2, 3, 1, 4, 3]	C					116	496.0	495.0	0	464.0	463.0
137	1	4	352.0	351.0	336.0	335.0	256.0	255.0	e	3163.0	2624.0	505.0	505.0	[1, 4, 2, 3, 1, 3, 4, 2]	[1, 4, 2, 3, 1, 3, 4, 2]	B	496.0	495.0	512.0	511.0	116	352.0	351.0	0	320.0	319.0
138	0	4	384.0	383.0	352.0	351.0	368.0	367.0	e	3147.0	2912.0	390.0	390.0	[1, 4, 2, 3, 1, 3, 4, 2]	[1, 4, 2, 3, 1, 3, 4, 2]	B	464.0	463.0	432.0	431.0	116	608.0	607.0	1	304.0	303.0
139	1	4	400.0	399.0	432.0	431.0	336.0	335.0	e	3147.0	2752.0	379.0	379.0	[2, 1, 4, 2, 3, 1, 4, 3]	[2, 1, 4, 2, 3, 1, 4, 3]	C	400.0	399.0	416.0	415.0	116	368.0	367.0	0	400.0	399.0
140	0	4						255.0	e	3147.0	1216.0	490.0	490.0	[2, 1, 4, 3]	[2, 1, 4, 2, 3, 1, 4, 3]	C					116	496.0	495.0	0	464.0	463.0
141	0	4	416.0	415.0	512.0	511.0	272.0	271.0	e	3147.0	2831.0	655.0	655.0	[3, 2, 4, 1, 2, 4, 3, 1]	[3, 2, 4, 1, 2, 4, 3, 1]	A	432.0	431.0	384.0	383.0	116	400.0	399.0	1	415.0	415.0
142	0	4	449.0	448.0	528.0	527.0	528.0	527.0	e	3147.0	3201.0	600.0	600.0	[2, 1, 4, 2, 3, 1, 4, 3]	[2, 1, 4, 2, 3, 1, 4, 3]	C	496.0	495.0	352.0	351.0	116	400.0	399.0	1	448.0	447.0
143	0	4			368.0	367.0	656.0	655.0	e	3147.0	2928.0	681.0	681.0	[2, 1, 4, 2, 3, 1, 4]	[2, 1, 4, 2, 3, 1, 4, 3]	C	656.0	655.0	416.0	415.0	116	368.0	367.0	1	464.0	463.0
144	0	5			352.0	351.0	336.0	335.0	e	3147.0	1632.0	594.0	594.0	[1, 4, 2, 3, 1, 4]	[1, 4, 2, 3, 1, 3, 4, 2]	B				319.0	116	320.0	319.0	0	304.0	303.0
145	0	5			721.0	720.0	640.0	639.0	e	3147.0	2465.0	746.0	746.0	[1, 4, 2, 3, 1]	[1, 4, 2, 3, 1, 3, 4, 2]	B					116	496.0	495.0	1	608.0	607.0
146	0	5			320.0	319.0	240.0	239.0	e	3147.0	1504.0	435.0	435.0	[1, 4, 2, 3, 1, 4]	[1, 4, 2, 3, 1, 3, 4, 2]	B				303.0	116	288.0	287.0	0	352.0	351.0
147	0	5	384.0	383.0	480.0	479.0	304.0	303.0	e	3147.0	2784.0	476.0	476.0	[3, 2, 4, 1, 2, 4, 3, 1]	[3, 2, 4, 1, 2, 4, 3, 1]	A	608.0	607.0	352.0	351.0	116	352.0	351.0	1	304.0	303.0
148	0	5	688.0	687.0	368.0	367.0	464.0	463.0	e	3147.0	3168.0	630.0	630.0	[2, 1, 4, 2, 3, 1, 4, 3]	[2, 1, 4, 2, 3, 1, 4, 3]	C	368.0	367.0	352.0	351.0	116	416.0	415.0	1	512.0	511.0
149	0	5	431.0	431.0	352.0	351.0	463.0	463.0	e	3147.0	2768.0	472.0	472.0	[2, 1, 4, 2, 3, 1, 4, 3]	[2, 1, 4, 2, 3, 1, 4, 3]	C	353.0	352.0	368.0	367.0	116	385.0	383.0	1	416.0	415.0
150	0	5	543.0	543.0	529.0	528.0	319.0	319.0	e	3147.0	3135.0	616.0	616.0	[3, 2, 4, 1, 2, 4, 3, 1]	[3, 2, 4, 1, 2, 4, 3, 1]	A	417.0	416.0	399.0	399.0	116	432.0	432.0	1	496.0	496.0
151	0	5							e	3147.0	0.0		471.0	[3]	[2, 1, 4, 2, 3, 1, 4, 3]	C					116			0		
152	0	5	528.0	527.0	433.0	432.0	496.0	495.0	e	3147.0	2880.0	573.0	573.0	[2, 1, 4, 2, 3, 1, 4, 3]	[2, 1, 4, 2, 3, 1, 4, 3]	C	352.0	351.0	319.0	319.0	116	320.0	319.0	1	432.0	431.0
153	0	5	448.0	447.0	352.0	351.0	432.0	431.0	e	3147.0	2832.0	492.0	492.0	[2, 1, 4, 2, 3, 1, 4, 3]	[2, 1, 4, 2, 3, 1, 4, 3]	C	432.0	431.0	336.0	335.0	116	368.0	367.0	1	464.0	463.0
154	0	5	544.0	543.0	352.0	351.0	272.0	271.0	e	3147.0	2672.0	606.0	606.0	[1, 4, 2, 3, 1, 3, 4, 2]	[1, 4, 2, 3, 1, 3, 4, 2]	B	464.0	463.0	496.0	495.0	116	288.0	287.0	1	256.0	255.0
155	0	5	400.0	399.0	561.0	560.0	288.0	287.0	e	3147.0	3008.0	487.0	487.0	[3, 2, 4, 1, 2, 4, 3, 1]	[3, 2, 4, 1, 2, 4, 3, 1]	A	464.0	463.0	511.0	511.0	116	368.0	367.0	1	416.0	415.0
156	1	5	320.0	319.0	448.0	447.0	336.0	335.0	e	3147.0	2464.0	633.0	633.0	[3, 2, 4, 1, 2, 4, 3, 1]	[3, 2, 4, 1, 2, 4, 3, 1]	A	336.0	335.0	352.0	351.0	116	352.0	351.0	0	320.0	319.0
157	0	5	335.0	335.0	527.0	527.0	288.0	288.0	e	3115.0	2655.0	627.0	627.0	[3, 2, 4, 1, 2, 4, 3, 1]	[3, 2, 4, 1, 2, 4, 3, 1]	A	400.0	400.0	369.0	368.0	116	385.0	384.0	1	351.0	351.0
158	0	5	368.0	367.0	544.0	543.0	256.0	255.0	e	3115.0	2608.0	550.0	550.0	[3, 2, 4, 1, 2, 4, 3, 1]	[3, 2, 4, 1, 2, 4, 3, 1]	A	464.0	463.0	368.0	367.0	116	303.0	303.0	1	305.0	304.0
159	0	5			560.0	559.0	47.0	47.0	e	3115.0	1424.0	1092.0	1092.0	[1, 4, 2, 3, 1, 4]	[1, 4, 2, 3, 1, 3, 4, 2]	B				287.0	116	273.0	272.0	0	256.0	255.0
160	0	5			399.0	399.0	449.0	448.0	e	3115.0	1792.0	489.0	489.0	[1, 4, 2, 3, 1, 4]	[1, 4, 2, 3, 1, 3, 4, 2]	B				351.0	116	400.0	399.0	0	192.0	191.0
161	0	5						255.0	e	3115.0	960.0	500.0	500.0	[2, 1, 4, 3]	[2, 1, 4, 2, 3, 1, 4, 3]	C					116	272.0	271.0	0	432.0	431.0
162	0	5			336.0	335.0	336.0	335.0	e	3115.0	1696.0	443.0	443.0	[1, 4, 2, 3, 1, 4]	[1, 4, 2, 3, 1, 3, 4, 2]	B				335.0	116	352.0	351.0	0	336.0	335.0
163	0	5						319.0	e	3115.0	976.0	552.0	552.0	[3, 2, 4, 2]	[3, 2, 4, 1, 2, 4, 3, 1]	A					116	352.0	351.0	0	304.0	303.0
164	0	5	416.0	415.0	431.0	431.0	385.0	384.0	e	3115.0	2720.0	631.0	631.0	[3, 2, 4, 1, 2, 4, 3, 1]	[3, 2, 4, 1, 2, 4, 3, 1]	A	400.0	399.0	416.0	415.0	116	336.0	335.0	1	336.0	335.0
165	0	5	416.0	415.0	384.0	383.0	448.0	447.0	e	3115.0	2720.0	599.0	599.0	[2, 1, 4, 2, 3, 1, 4, 3]	[2, 1, 4, 2, 3, 1, 4, 3]	C	384.0	383.0	352.0	351.0	116	336.0	335.0	1	400.0	399.0
166	0	5							e	3115.0				[]	[2, 1, 4, 2, 3, 1, 4, 3]	C					116			1		
167	0	5		415.0	304.0	303.0	352.0	351.0	e	3115.0	2896.0	734.0	734.0	[1, 4, 2, 3, 1, 3, 4, 3]	[1, 4, 2, 3, 1, 3, 4, 2]	B	448.0	447.0	736.0	735.0	116	304.0	303.0	0	336.0	335.0
168	1	5	495.0	495.0	336.0	335.0	288.0	287.0	e	3115.0	2656.0	438.0	438.0	[1, 4, 2, 3, 1, 3, 4, 2]	[1, 4, 2, 3, 1, 3, 4, 2]	B	385.0	384.0	496.0	495.0	116	336.0	335.0	0	320.0	319.0
169	0	5	448.0	447.0	384.0	383.0	480.0	479.0	e	3115.0	2831.0	404.0	404.0	[2, 1, 4, 2, 3, 1, 4, 3]	[2, 1, 4, 2, 3, 1, 4, 3]	C	448.0	447.0	336.0	335.0	116	320.0	319.0	1	415.0	415.0
170	0	5	368.0	367.0	496.0	495.0	320.0	319.0	e	3115.0	2912.0	743.0	743.0	[3, 2, 4, 1, 2, 4, 3, 1]	[3, 2, 4, 1, 2, 4, 3, 1]	A	368.0	367.0	384.0	383.0	116	448.0	447.0	1	528.0	527.0
171	1	5	288.0	287.0	480.0	479.0	224.0	223.0	e	3115.0	2592.0	471.0	471.0	[3, 2, 4, 1, 2, 4, 3, 1]	[3, 2, 4, 1, 2, 4, 3, 1]	A	384.0	383.0	368.0	367.0	116	400.0	399.0	0	448.0	447.0
172	1	5	351.0	351.0	464.0	463.0	256.0	255.0	e	3099.0	2480.0	521.0	521.0	[3, 2, 4, 1, 2, 4, 3, 1]	[3, 2, 4, 1, 2, 4, 3, 1]	A	385.0	384.0	352.0	351.0	116	384.0	383.0	0	288.0	287.0
173	0	5						319.0	e	3084.0	1039.0	727.0	727.0	[2, 1, 4, 3]	[2, 1, 4, 2, 3, 1, 4, 3]	C					116	336.0	335.0	0	383.0	383.0
174	0	5			320.0	319.0	416.0	415.0	e	3084.0	1712.0	389.0	389.0	[1, 4, 2, 3, 1, 4]	[1, 4, 2, 3, 1, 3, 4, 2]	B				335.0	116	288.0	287.0	0	352.0	351.0
175	1	5	304.0	303.0	496.0	495.0	288.0	287.0	e	3084.0	2448.0	584.0	584.0	[3, 2, 4, 1, 2, 4, 3, 1]	[3, 2, 4, 1, 2, 4, 3, 1]	A	368.0	367.0	304.0	303.0	116	336.0	335.0	0	352.0	351.0
176	0	5	416.0	415.0	416.0	415.0	400.0	399.0	e	3084.0	2784.0	434.0	434.0	[2, 1, 4, 2, 3, 1, 4, 3]	[2, 1, 4, 2, 3, 1, 4, 3]	C	384.0	383.0	352.0	351.0	116	432.0	431.0	1	384.0	383.0
177	1	5	352.0	351.0	335.0	335.0	288.0	288.0	e	3084.0	2495.0	410.0	410.0	[1, 4, 2, 3, 1, 3, 4, 2]	[1, 4, 2, 3, 1, 3, 4, 2]	B	448.0	447.0	448.0	447.0	116	305.0	304.0	0	319.0	319.0
178	1	5	400.0	399.0	320.0	319.0	464.0	463.0	e	3067.0	2576.0	406.0	406.0	[2, 1, 4, 2, 3, 1, 4, 3]	[2, 1, 4, 2, 3, 1, 4, 3]	C	368.0	367.0	352.0	351.0	116	304.0	303.0	0	368.0	367.0
179	1	5	352.0	351.0	353.0	352.0	272.0	271.0	e	3047.0	2431.0	376.0	376.0	[1, 4, 2, 3, 1, 3, 4, 2]	[1, 4, 2, 3, 1, 3, 4, 2]	B	480.0	479.0	383.0	383.0	116	320.0	319.0	0	271.0	271.0
180	0	6				319.0	320.0	319.0	e	3037.0	1456.0	466.0	466.0	[3, 2, 4, 1, 3]	[3, 2, 4, 1, 2, 4, 3, 1]	A					116	368.0	367.0	0	448.0	447.0
181	0	6	336.0	335.0	592.0	591.0	496.0	495.0	e	3037.0	3119.0	559.0	559.0	[2, 1, 4, 2, 3, 1, 4, 3]	[2, 1, 4, 2, 3, 1, 4, 3]	C	384.0	383.0	352.0	351.0	116	384.0	383.0	1	575.0	575.0
182	0	6			481.0	480.0	496.0	495.0	e	3037.0	1840.0	426.0	426.0	[1, 4, 2, 3, 1, 4]	[1, 4, 2, 3, 1, 3, 4, 2]	B				351.0	116	287.0	287.0	0	225.0	224.0
183	0	6	432.0	431.0	512.0	511.0	336.0	335.0	e	3037.0	3024.0	499.0	499.0	[1, 4, 2, 3, 1, 3, 4, 2]	[1, 4, 2, 3, 1, 3, 4, 2]	B	544.0	543.0	560.0	559.0	116	272.0	271.0	1	368.0	367.0
184	0	6	384.0	383.0	448.0	447.0	352.0	351.0	e	3037.0	2991.0	567.0	567.0	[2, 1, 4, 2, 3, 1, 4, 3]	[2, 1, 4, 2, 3, 1, 4, 3]	C	384.0	383.0	400.0	399.0	116	383.0	383.0	1	640.0	640.0
185	0	6							e	3037.0	384.0	3302.0	3302.0	[1, 4]	[1, 4, 2, 3, 1, 3, 4, 2]	B					116			1	384.0	383.0
186	0	6	384.0	383.0	384.0	383.0	368.0	367.0	e	3037.0	2719.0	685.0	685.0	[2, 1, 4, 2, 3, 1, 4, 3]	[2, 1, 4, 2, 3, 1, 4, 3]	C	336.0	335.0	416.0	415.0	116	416.0	415.0	1	415.0	415.0
187	0	6			368.0	367.0	272.0	271.0	e	3037.0	1648.0	378.0	378.0	[1, 4, 2, 3, 1, 4]	[1, 4, 2, 3, 1, 3, 4, 2]	B				399.0	116	288.0	287.0	0	320.0	319.0
188	1	6	368.0	367.0	336.0	335.0	256.0	255.0	e	3037.0	2368.0	421.0	421.0	[1, 4, 2, 3, 1, 3, 4, 2]	[1, 4, 2, 3, 1, 3, 4, 2]	B	448.0	447.0	400.0	399.0	116	272.0	271.0	0	288.0	287.0
189	0	6	431.0	431.0	528.0	527.0	352.0	351.0	e	3037.0	2704.0	387.0	387.0	[1, 4, 2, 3, 1, 3, 4, 2]	[1, 4, 2, 3, 1, 3, 4, 2]	B	449.0	448.0	352.0	351.0	116	288.0	287.0	1	304.0	303.0
190	0	6	608.0	607.0	352.0	351.0	383.0	383.0	e	3037.0	2864.0	457.0	457.0	[2, 1, 4, 2, 3, 1, 4, 3]	[2, 1, 4, 2, 3, 1, 4, 3]	C	336.0	335.0	352.0	351.0	116	369.0	368.0	1	464.0	463.0
191	0	6		367.0	480.0	479.0	272.0	271.0	e	3037.0	2656.0	487.0	487.0	[3, 2, 4, 1, 2, 4, 3, 2]	[3, 2, 4, 1, 2, 4, 3, 1]	A	448.0	447.0	400.0	399.0	116	368.0	367.0	0	320.0	319.0
192	0	6	704.0	703.0	464.0	463.0	336.0	335.0	e	3037.0	2912.0	563.0	563.0	[3, 2, 4, 1, 2, 4, 3, 1]	[3, 2, 4, 1, 2, 4, 3, 1]	A	368.0	367.0	352.0	351.0	116	384.0	383.0	1	304.0	303.0
193	0	6	480.0	479.0	336.0	335.0	400.0	399.0	e	3037.0	2688.0	442.0	442.0	[2, 1, 4, 2, 3, 1, 4, 3]	[2, 1, 4, 2, 3, 1, 4, 3]	C	320.0	319.0	384.0	383.0	116	320.0	319.0	1	448.0	447.0
194	0	6	528.0	527.0	512.0	511.0	288.0	287.0	e	3037.0	2816.0	430.0	430.0	[1, 4, 2, 3, 1, 3, 4, 2]	[1, 4, 2, 3, 1, 3, 4, 2]	B	448.0	447.0	416.0	415.0	116	288.0	287.0	1	336.0	335.0
195	0	6	369.0	368.0	368.0	367.0	400.0	399.0	e	3037.0	2689.0	388.0	388.0	[2, 1, 4, 2, 3, 1, 4, 3]	[2, 1, 4, 2, 3, 1, 4, 3]	C	368.0	367.0	416.0	415.0	116	352.0	351.0	1	416.0	415.0
196	0	6	528.0	527.0	528.0	527.0	351.0	351.0	e	3037.0	2784.0	485.0	485.0	[3, 2, 4, 1, 2, 4, 3, 1]	[3, 2, 4, 1, 2, 4, 3, 1]	A	400.0	399.0	352.0	351.0	116	353.0	352.0	1	272.0	271.0
197	0	6		863.0	544.0	543.0	496.0	495.0	e	3037.0	3392.0	568.0	568.0	[3, 2, 4, 1, 2, 4, 3, 2]	[3, 2, 4, 1, 2, 4, 3, 1]	A	543.0	543.0	289.0	287.0	116	367.0	367.0	0	289.0	288.0
198	0	6				463.0	288.0	287.0	e	3037.0	1456.0	503.0	503.0	[3, 2, 4, 1, 3]	[3, 2, 4, 1, 2, 4, 3, 1]	A					116	400.0	399.0	0	304.0	303.0
199	0	6			400.0	400.0	337.0	336.0	e	3037.0	1776.0	702.0	702.0	[1, 4, 2, 3, 1, 4]	[1, 4, 2, 3, 1, 3, 4, 2]	B				399.0	116	304.0	303.0	0	336.0	335.0
200	0	6	368.0	368.0	368.0	367.0	304.0	303.0	e	3037.0	2737.0	595.0	595.0	[2, 1, 4, 2, 3, 1, 4, 3]	[2, 1, 4, 2, 3, 1, 4, 3]	C	369.0	367.0	368.0	367.0	116	384.0	383.0	1	576.0	575.0
201	0	6		351.0	512.0	511.0	368.0	367.0	e	3037.0	2736.0	438.0	438.0	[3, 2, 4, 1, 2, 4, 3, 2]	[3, 2, 4, 1, 2, 4, 3, 1]	A	384.0	383.0	384.0	383.0	116	384.0	383.0	0	352.0	351.0
202	0	6	336.0	335.0	432.0	431.0	320.0	319.0	e	3037.0	2688.0	775.0	775.0	[2, 1, 4, 2, 3, 1, 4, 3]	[2, 1, 4, 2, 3, 1, 4, 3]	C	352.0	351.0	368.0	367.0	116	368.0	367.0	1	512.0	511.0
203	0	6							e	3037.0	224.0	644.0	644.0	[2, 3]	[2, 1, 4, 2, 3, 1, 4, 3]	C					116			0		223.0
204	0	6	464.0	463.0	496.0	495.0	480.0	479.0	e	3037.0	2928.0	660.0	660.0	[3, 2, 4, 1, 2, 4, 3, 1]	[3, 2, 4, 1, 2, 4, 3, 1]	A	320.0	319.0	416.0	415.0	116	400.0	399.0	1	352.0	351.0
205	0	6						272.0	e	3037.0	1169.0	568.0	568.0	[2, 1, 4, 3]	[2, 1, 4, 2, 3, 1, 4, 3]	C					116	400.0	399.0	0	496.0	495.0
206	0	6				463.0	416.0	415.0	e	3037.0	1712.0	490.0	490.0	[2, 1, 4, 2, 4]	[2, 1, 4, 2, 3, 1, 4, 3]	C					116	384.0	383.0	0	448.0	447.0
207	0	6	544.0	543.0	528.0	527.0	304.0	303.0	e	3037.0	2799.0	596.0	596.0	[3, 2, 4, 1, 2, 4, 3, 1]	[3, 2, 4, 1, 2, 4, 3, 1]	A	304.0	303.0	384.0	383.0	116	384.0	383.0	1	351.0	351.0
208	0	6	368.0	367.0	433.0	431.0	336.0	335.0	e	3037.0	2511.0	530.0	530.0	[3, 2, 4, 1, 2, 4, 3, 1]	[3, 2, 4, 1, 2, 4, 3, 1]	A	400.0	399.0	335.0	335.0	116	352.0	351.0	1	287.0	287.0
209	0	6	400.0	399.0	352.0	351.0	288.0	287.0	e	3037.0	2704.0	473.0	473.0	[1, 4, 2, 3, 1, 3, 4, 2]	[1, 4, 2, 3, 1, 3, 4, 2]	B	368.0	367.0	592.0	591.0	116	352.0	351.0	1	352.0	351.0
210	0	6			416.0	415.0	272.0	271.0	e	3037.0	1888.0	817.0	817.0	[3, 2, 4, 1, 2, 3]	[3, 2, 4, 1, 2, 4, 3, 1]	A				351.0	116	416.0	415.0	0	432.0	431.0
211	0	6		303.0	400.0	399.0	272.0	271.0	e	3037.0	2240.0	465.0	465.0	[3, 2, 4, 1, 2, 4, 3, 2]	[3, 2, 4, 1, 2, 4, 3, 1]	A	256.0	255.0	320.0	319.0	116	336.0	335.0	0	352.0	351.0
212	0	6	416.0	415.0	352.0	351.0	336.0	335.0	e	3037.0	2928.0	534.0	534.0	[1, 4, 2, 3, 1, 3, 4, 2]	[1, 4, 2, 3, 1, 3, 4, 2]	B	480.0	479.0	464.0	463.0	116	480.0	479.0	1	400.0	399.0
213	1	6	368.0	367.0	416.0	415.0	336.0	335.0	e	3037.0	2480.0	449.0	449.0	[1, 4, 2, 3, 1, 3, 4, 2]	[1, 4, 2, 3, 1, 3, 4, 2]	B	384.0	383.0	384.0	383.0	116	272.0	271.0	0	320.0	319.0
214	0	6	384.0	383.0	464.0	463.0	448.0	447.0	e	2993.0	2752.0	466.0	466.0	[2, 1, 4, 2, 3, 1, 4, 3]	[2, 1, 4, 2, 3, 1, 4, 3]	C	352.0	351.0	336.0	335.0	116	320.0	319.0	1	448.0	447.0
215	0	6	624.0	623.0	368.0	367.0	288.0	287.0	e	2993.0	2911.0	734.0	734.0	[1, 4, 2, 3, 1, 3, 4, 2]	[1, 4, 2, 3, 1, 3, 4, 2]	B	464.0	463.0	448.0	447.0	116	272.0	271.0	1	447.0	447.0
216	0	7	432.0	431.0	368.0	367.0	288.0	287.0	e	2993.0	2608.0	514.0	514.0	[1, 4, 2, 3, 1, 3, 4, 2]	[1, 4, 2, 3, 1, 3, 4, 2]	B	400.0	399.0	496.0	495.0	116	320.0	319.0	1	304.0	303.0
217	0	7							e	2993.0	0.0		492.0	[3]	[2, 1, 4, 2, 3, 1, 4, 3]	C					116			0		
218	0	7	432.0	431.0	400.0	399.0	256.0	255.0	e	2993.0	2640.0	567.0	567.0	[1, 4, 2, 3, 1, 3, 4, 2]	[1, 4, 2, 3, 1, 3, 4, 2]	B	352.0	351.0	496.0	495.0	116	320.0	319.0	1	384.0	383.0
219	0	7	447.0	447.0	512.0	511.0	383.0	383.0	e	2993.0	2911.0	489.0	489.0	[2, 1, 4, 2, 3, 1, 4, 3]	[2, 1, 4, 2, 3, 1, 4, 3]	C	353.0	352.0	432.0	431.0	116	353.0	352.0	1	431.0	431.0
220	0	7	384.0	383.0	432.0	431.0	304.0	303.0	e	2993.0	2608.0	658.0	658.0	[3, 2, 4, 1, 2, 4, 3, 1]	[3, 2, 4, 1, 2, 4, 3, 1]	A	384.0	383.0	368.0	367.0	116	384.0	383.0	1	352.0	351.0
221	0	7		319.0	432.0	431.0	384.0	383.0	e	2993.0	2624.0	486.0	486.0	[3, 2, 4, 1, 2, 4, 3, 2]	[3, 2, 4, 1, 2, 4, 3, 1]	A	336.0	335.0	384.0	383.0	116	368.0	367.0	0	400.0	399.0
222	0	7	432.0	431.0	416.0	415.0	351.0	351.0	e	2993.0	2496.0	711.0	711.0	[2, 1, 4, 2, 3, 1, 4, 3]	[2, 1, 4, 2, 3, 1, 4, 3]	C	384.0	383.0	304.0	303.0	116	289.0	288.0	1	320.0	319.0
223	0	7	400.0	399.0	464.0	463.0	320.0	319.0	e	2993.0	2576.0	488.0	488.0	[3, 2, 4, 1, 2, 4, 3, 1]	[3, 2, 4, 1, 2, 4, 3, 1]	A	368.0	367.0	352.0	351.0	116	336.0	335.0	1	336.0	335.0
224	0	7	368.0	367.0	432.0	431.0	288.0	287.0	e	2993.0	2528.0	728.0	728.0	[1, 4, 2, 3, 1, 3, 4, 2]	[1, 4, 2, 3, 1, 3, 4, 2]	B	448.0	447.0	464.0	463.0	116	256.0	255.0	1	272.0	271.0
225	0	7						224.0	e	2993.0	1361.0	646.0	646.0	[2, 1, 4, 3]	[2, 1, 4, 2, 3, 1, 4, 3]	C					116	656.0	655.0	0	480.0	479.0
226	0	7	544.0	543.0	480.0	479.0	320.0	319.0	e	2993.0	3040.0	473.0	473.0	[3, 2, 4, 1, 2, 4, 3, 1]	[3, 2, 4, 1, 2, 4, 3, 1]	A	512.0	511.0	336.0	335.0	116	496.0	495.0	1	352.0	351.0
227	0	7	400.0	399.0	336.0	335.0	448.0	447.0	e	2993.0	2896.0	432.0	432.0	[2, 1, 4, 2, 3, 1, 4, 3]	[2, 1, 4, 2, 3, 1, 4, 3]	C	384.0	383.0	336.0	335.0	116	416.0	415.0	1	576.0	575.0
228	0	7				335.0	432.0	431.0	e	2993.0	1520.0	532.0	532.0	[2, 1, 4, 2, 4]	[2, 1, 4, 2, 3, 1, 4, 3]	C					116	288.0	287.0	0	464.0	463.0
229	0	7	464.0	463.0	400.0	399.0	272.0	271.0	e	2993.0	2575.0	507.0	507.0	[1, 4, 2, 3, 1, 3, 4, 2]	[1, 4, 2, 3, 1, 3, 4, 2]	B	432.0	431.0	368.0	367.0	116	303.0	303.0	1	336.0	335.0
230	0	7	432.0	431.0	448.0	447.0	288.0	287.0	e	2993.0	2800.0	495.0	495.0	[3, 2, 4, 1, 2, 4, 3, 1]	[3, 2, 4, 1, 2, 4, 3, 1]	A	464.0	463.0	384.0	383.0	116	416.0	415.0	1	368.0	367.0
231	0	7	352.0	351.0	496.0	495.0	288.0	287.0	e	2993.0	2576.0	487.0	487.0	[3, 2, 4, 1, 2, 4, 3, 1]	[3, 2, 4, 1, 2, 4, 3, 1]	A	384.0	383.0	368.0	367.0	116	368.0	367.0	1	320.0	319.0
232	1	7	352.0	351.0	368.0	367.0	336.0	335.0	e	2993.0	2464.0	416.0	416.0	[1, 4, 2, 3, 1, 3, 4, 2]	[1, 4, 2, 3, 1, 3, 4, 2]	B	368.0	367.0	448.0	447.0	116	272.0	271.0	0	320.0	319.0
233	0	7	400.0	399.0	448.0	447.0	480.0	479.0	e	2977.0	3167.0	574.0	574.0	[2, 1, 4, 2, 3, 1, 4, 3]	[2, 1, 4, 2, 3, 1, 4, 3]	C	432.0	431.0	560.0	559.0	116	384.0	383.0	1	463.0	463.0
234	0	7						191.0	e	2977.0	1072.0	401.0	401.0	[2, 1, 4, 3]	[2, 1, 4, 2, 3, 1, 4, 3]	C					116	432.0	431.0	0	448.0	447.0
235	0	7	432.0	431.0	464.0	463.0	272.0	271.0	e	2977.0	2768.0	471.0	471.0	[3, 2, 4, 1, 2, 4, 3, 1]	[3, 2, 4, 1, 2, 4, 3, 1]	A	416.0	415.0	480.0	479.0	116	416.0	415.0	1	288.0	287.0
236	1	7	416.0	415.0	384.0	383.0	304.0	303.0	e	2977.0	2464.0	496.0	496.0	[1, 4, 2, 3, 1, 3, 4, 2]	[1, 4, 2, 3, 1, 3, 4, 2]	B	400.0	399.0	384.0	383.0	116	288.0	287.0	0	287.0	287.0
237	0	7	496.0	495.0	368.0	367.0	336.0	335.0	e	2944.0	2767.0	364.0	364.0	[2, 1, 4, 2, 3, 1, 4, 3]	[2, 1, 4, 2, 3, 1, 4, 3]	C	416.0	415.0	384.0	383.0	116	336.0	335.0	1	431.0	431.0
238	0	7	496.0	495.0	464.0	463.0	320.0	319.0	e	2944.0	3008.0	559.0	559.0	[3, 2, 4, 1, 2, 4, 3, 1]	[3, 2, 4, 1, 2, 4, 3, 1]	A	463.0	463.0	513.0	512.0	116	416.0	415.0	1	336.0	335.0
239	0	7	448.0	447.0	336.0	335.0	304.0	303.0	e	2944.0	2736.0	646.0	646.0	[1, 4, 2, 3, 1, 3, 4, 2]	[1, 4, 2, 3, 1, 3, 4, 2]	B	400.0	399.0	528.0	527.0	116	336.0	335.0	1	384.0	383.0
240	0	7			368.0	367.0	608.0	607.0	e	2944.0	3024.0	742.0	742.0	[1, 4, 2, 3, 1, 3, 4]	[1, 4, 2, 3, 1, 3, 4, 2]	B	432.0	431.0	496.0	495.0	116	720.0	719.0	1	400.0	399.0
241	0	7	400.0	399.0	415.0	415.0	689.0	688.0	e	2944.0	3216.0	587.0	587.0	[2, 1, 4, 2, 3, 1, 4, 3]	[2, 1, 4, 2, 3, 1, 4, 3]	C	352.0	351.0	368.0	367.0	116	416.0	415.0	1	576.0	575.0
242	0	7	576.0	575.0	416.0	415.0	288.0	287.0	e	2944.0	2800.0	546.0	546.0	[1, 4, 2, 3, 1, 3, 4, 2]	[1, 4, 2, 3, 1, 3, 4, 2]	B	432.0	431.0	480.0	479.0	116	288.0	287.0	1	320.0	319.0
243	0	7	528.0	527.0	368.0	367.0	367.0	367.0	e	2944.0	2960.0	449.0	449.0	[2, 1, 4, 2, 3, 1, 4, 3]	[2, 1, 4, 2, 3, 1, 4, 3]	C	368.0	367.0	336.0	335.0	116	369.0	368.0	1	624.0	623.0
244	0	7			352.0	351.0	288.0	287.0	e	2944.0	1584.0	435.0	435.0	[1, 4, 2, 3, 1, 4]	[1, 4, 2, 3, 1, 3, 4, 2]	B				367.0	116	272.0	271.0	0	304.0	303.0
245	0	7					512.0	511.0	e	2944.0	1216.0	2703.0	2703.0	[3, 2, 4, 1]	[3, 2, 4, 1, 2, 4, 3, 1]	A					116	368.0	367.0	1	336.0	335.0
246	0	7			352.0	351.0	224.0	223.0	e	2944.0	1488.0	525.0	525.0	[1, 4, 2, 3, 1, 4]	[1, 4, 2, 3, 1, 3, 4, 2]	B				367.0	116	288.0	287.0	0	256.0	254.0
247	0	7							e	2944.0	0.0		387.0	[3]	[2, 1, 4, 2, 3, 1, 4, 3]	C					116			0		
248	0	7	416.0	415.0	400.0	399.0	416.0	415.0	e	2944.0	2815.0	512.0	512.0	[3, 2, 4, 1, 2, 4, 3, 1]	[3, 2, 4, 1, 2, 4, 3, 1]	A	415.0	415.0	369.0	368.0	116	400.0	399.0	1	399.0	399.0
249	0	7	480.0	479.0	495.0	495.0	257.0	256.0	e	2944.0	2911.0	485.0	485.0	[3, 2, 4, 1, 2, 4, 3, 1]	[3, 2, 4, 1, 2, 4, 3, 1]	A	607.0	607.0	353.0	352.0	116	416.0	415.0	1	303.0	303.0
250	1	7	368.0	367.0	496.0	495.0	256.0	255.0	e	2944.0	2384.0	559.0	559.0	[3, 2, 4, 1, 2, 4, 3, 1]	[3, 2, 4, 1, 2, 4, 3, 1]	A	288.0	287.0	352.0	351.0	116	320.0	319.0	0	304.0	303.0
251	1	7	320.0	319.0	369.0	367.0	272.0	271.0	e	2951.0	2463.0	400.0	400.0	[1, 4, 2, 3, 1, 3, 4, 2]	[1, 4, 2, 3, 1, 3, 4, 2]	B	448.0	447.0	463.0	463.0	116	352.0	351.0	0	239.0	239.0
252	0	8	416.0	415.0	336.0	335.0	336.0	335.0	e	2951.0	2960.0	578.0	578.0	[1, 4, 2, 3, 1, 3, 4, 2]	[1, 4, 2, 3, 1, 3, 4, 2]	B	560.0	559.0	592.0	591.0	116	352.0	351.0	1	368.0	367.0
253	0	8	528.0	527.0	336.0	335.0	416.0	415.0	e	2951.0	2800.0	493.0	493.0	[2, 1, 4, 2, 3, 1, 4, 3]	[2, 1, 4, 2, 3, 1, 4, 3]	C	336.0	335.0	352.0	351.0	116	384.0	383.0	1	448.0	447.0
254	0	8	351.0	351.0	432.0	431.0	256.0	255.0	e	2951.0	2496.0	485.0	485.0	[3, 2, 4, 1, 2, 4, 3, 1]	[3, 2, 4, 1, 2, 4, 3, 1]	A	353.0	352.0	432.0	431.0	116	352.0	351.0	1	320.0	319.0
255	0	8			369.0	367.0	336.0	335.0	e	2951.0	1840.0	467.0	467.0	[1, 4, 2, 3, 1, 4]	[1, 4, 2, 3, 1, 3, 4, 2]	B				431.0	116	400.0	399.0	0	304.0	303.0
256	0	8	432.0	431.0	416.0	415.0	288.0	287.0	e	2951.0	2768.0	455.0	455.0	[1, 4, 2, 3, 1, 3, 4, 2]	[1, 4, 2, 3, 1, 3, 4, 2]	B	528.0	527.0	496.0	495.0	116	335.0	335.0	1	273.0	272.0
257	1	8	352.0	351.0	336.0	335.0	256.0	255.0	e	2951.0	2432.0	499.0	499.0	[1, 4, 2, 3, 1, 3, 4, 2]	[1, 4, 2, 3, 1, 3, 4, 2]	B	480.0	479.0	480.0	479.0	116	288.0	287.0	0	240.0	239.0
258	0	8	384.0	383.0	304.0	303.0	416.0	415.0	e	2951.0	2624.0	467.0	467.0	[2, 1, 4, 2, 3, 1, 4, 3]	[2, 1, 4, 2, 3, 1, 4, 3]	C	367.0	367.0	321.0	320.0	116	368.0	367.0	1	464.0	463.0
259	0	8	336.0	335.0	368.0	367.0	416.0	415.0	e	2951.0	2639.0	515.0	515.0	[2, 1, 4, 2, 3, 1, 4, 3]	[2, 1, 4, 2, 3, 1, 4, 3]	C	400.0	399.0	368.0	367.0	116	320.0	319.0	1	431.0	431.0
260	0	8							e	2951.0	0.0		550.0	[4]	[3, 2, 4, 1, 2, 4, 3, 1]	A					116			0		
261	1	8	352.0	351.0	384.0	383.0	272.0	271.0	e	2951.0	2448.0	440.0	440.0	[3, 2, 4, 1, 2, 4, 3, 1]	[3, 2, 4, 1, 2, 4, 3, 1]	A	336.0	335.0	368.0	367.0	116	384.0	383.0	0	352.0	351.0
262	0	8	400.0	399.0	384.0	383.0	303.0	303.0	e	2913.0	2608.0	575.0	575.0	[3, 2, 4, 1, 2, 4, 3, 1]	[3, 2, 4, 1, 2, 4, 3, 1]	A	416.0	415.0	432.0	431.0	116	353.0	352.0	1	320.0	319.0
263	0	8							e	2913.0	0.0		721.0	[4]	[1, 4, 2, 3, 1, 3, 4, 2]	B					116			0		
264	0	8							e	2913.0	0.0		567.0	[3]	[2, 1, 4, 2, 3, 1, 4, 3]	C					116			0		
265	0	8			319.0	319.0	289.0	288.0	e	2913.0	1712.0	581.0	581.0	[1, 4, 2, 3, 1, 4]	[1, 4, 2, 3, 1, 3, 4, 2]	B				367.0	116	336.0	335.0	0	400.0	399.0
266	0	8	496.0	495.0	400.0	399.0	400.0	399.0	e	2913.0	3216.0	583.0	583.0	[2, 1, 4, 2, 3, 1, 4, 3]	[2, 1, 4, 2, 3, 1, 4, 3]	C	560.0	559.0	512.0	511.0	116	432.0	431.0	1	416.0	415.0
267	0	8	400.0	399.0	353.0	352.0	304.0	303.0	e	2913.0	2768.0	454.0	454.0	[1, 4, 2, 3, 1, 3, 4, 2]	[1, 4, 2, 3, 1, 3, 4, 2]	B	464.0	463.0	527.0	527.0	116	352.0	351.0	1	368.0	367.0
268	0	8							e	2913.0	912.0	946.0	946.0	[2, 4]	[2, 1, 4, 2, 3, 1, 4, 3]	C					116			0		911.0
269	0	8			415.0	415.0	513.0	511.0	e	2913.0	3120.0	708.0	708.0	[2, 1, 4, 2, 3, 1, 4]	[2, 1, 4, 2, 3, 1, 4, 3]	C	720.0	719.0	672.0	671.0	116	368.0	367.0	1	432.0	431.0
270	0	8	432.0	431.0	352.0	351.0	304.0	303.0	e	2913.0	2623.0	390.0	390.0	[1, 4, 2, 3, 1, 3, 4, 2]	[1, 4, 2, 3, 1, 3, 4, 2]	B	352.0	351.0	512.0	511.0	116	288.0	287.0	1	383.0	383.0
271	0	8			48.0	47.0	464.0	463.0	e	2913.0	2032.0	484.0	484.0	[2, 1, 4, 2, 3, 1, 2]	[2, 1, 4, 2, 3, 1, 4, 3]	C		15.0	720.0	719.0	116	368.0	367.0	0	416.0	415.0
272	1	8	320.0	319.0	336.0	335.0	272.0	271.0	e	2913.0	2256.0	387.0	387.0	[1, 4, 2, 3, 1, 3, 4, 2]	[1, 4, 2, 3, 1, 3, 4, 2]	B	368.0	367.0	400.0	399.0	116	240.0	239.0	0	320.0	319.0
273	0	8	432.0	431.0	272.0	271.0	528.0	527.0	e	2904.0	2639.0	393.0	393.0	[2, 1, 4, 2, 3, 1, 4, 3]	[2, 1, 4, 2, 3, 1, 4, 3]	C	384.0	383.0	352.0	351.0	116	256.0	255.0	1	415.0	415.0
274	0	8		271.0	448.0	447.0	272.0	271.0	e	2904.0	2384.0	445.0	445.0	[3, 2, 4, 1, 2, 4, 3, 2]	[3, 2, 4, 1, 2, 4, 3, 1]	A	400.0	399.0	272.0	271.0	116	368.0	367.0	0	352.0	351.0
275	0	8	384.0	383.0	416.0	415.0	288.0	287.0	e	2904.0	2464.0	474.0	474.0	[3, 2, 4, 1, 2, 4, 3, 1]	[3, 2, 4, 1, 2, 4, 3, 1]	A	368.0	367.0	336.0	335.0	116	368.0	367.0	1	304.0	303.0
276	0	8	384.0	383.0	384.0	383.0	336.0	335.0	e	2904.0	2480.0	488.0	488.0	[1, 4, 2, 3, 1, 3, 4, 2]	[1, 4, 2, 3, 1, 3, 4, 2]	B	416.0	415.0	432.0	431.0	116	240.0	239.0	1	288.0	286.0
277	0	8				16.0	416.0	415.0	e	2904.0	961.0	470.0	470.0	[1, 4, 2, 3, 4]	[1, 4, 2, 3, 1, 3, 4, 2]	B					116	256.0	255.0	0	272.0	271.0
278	0	8	432.0	431.0	448.0	447.0	304.0	303.0	e	2904.0	2656.0	564.0	564.0	[3, 2, 4, 1, 2, 4, 3, 1]	[3, 2, 4, 1, 2, 4, 3, 1]	A	448.0	447.0	336.0	335.0	116	352.0	351.0	1	335.0	335.0
279	0	8		656.0	304.0	303.0	336.0	335.0	e	2904.0	2609.0	385.0	385.0	[2, 1, 4, 2, 3, 1, 4, 4]	[2, 1, 4, 2, 3, 1, 4, 3]	C	304.0	303.0	256.0	255.0	116	352.0	351.0	0	400.0	399.0
280	0	8	368.0	367.0	496.0	495.0	272.0	271.0	e	2904.0	2544.0	518.0	518.0	[3, 2, 4, 1, 2, 4, 3, 1]	[3, 2, 4, 1, 2, 4, 3, 1]	A	352.0	351.0	352.0	351.0	116	304.0	303.0	1	400.0	399.0
281	0	8	496.0	495.0	416.0	415.0	304.0	303.0	e	2904.0	2592.0	574.0	574.0	[3, 2, 4, 1, 2, 4, 3, 1]	[3, 2, 4, 1, 2, 4, 3, 1]	A	368.0	367.0	352.0	351.0	116	336.0	335.0	1	320.0	319.0
282	0	8	336.0	335.0	528.0	527.0	400.0	399.0	e	2904.0	2976.0	653.0	653.0	[3, 2, 4, 1, 2, 4, 3, 1]	[3, 2, 4, 1, 2, 4, 3, 1]	A	320.0	319.0	336.0	335.0	116	672.0	671.0	1	384.0	383.0
283	0	8	352.0	351.0	480.0	479.0	272.0	271.0	e	2904.0	2400.0	641.0	641.0	[3, 2, 4, 1, 2, 4, 3, 1]	[3, 2, 4, 1, 2, 4, 3, 1]	A	336.0	335.0	320.0	319.0	116	320.0	319.0	1	320.0	319.0
284	0	8	448.0	447.0	320.0	319.0	512.0	511.0	e	2904.0	2704.0	560.0	560.0	[2, 1, 4, 2, 3, 1, 4, 3]	[2, 1, 4, 2, 3, 1, 4, 3]	C	384.0	383.0	320.0	319.0	116	320.0	319.0	1	400.0	399.0
285	0	8	352.0	351.0	400.0	399.0	352.0	351.0	e	2904.0	2688.0	510.0	510.0	[3, 2, 4, 1, 2, 4, 3, 1]	[3, 2, 4, 1, 2, 4, 3, 1]	A	384.0	383.0	416.0	415.0	116	368.0	367.0	1	416.0	415.0
286	0	8				431.0	432.0	431.0	e	2904.0	1696.0	517.0	517.0	[2, 1, 4, 2, 4]	[2, 1, 4, 2, 3, 1, 4, 3]	C					116	352.0	351.0	0	480.0	479.0
287	0	8		319.0	336.0	335.0	272.0	271.0	e	2904.0	2496.0	436.0	436.0	[1, 4, 2, 3, 1, 3, 4, 1]	[1, 4, 2, 3, 1, 3, 4, 2]	B	465.0	464.0	464.0	463.0	116	288.0	287.0	0	352.0	351.0
288	0	9							e	2904.0	0.0		579.0	[3]	[2, 1, 4, 2, 3, 1, 4, 3]	C					116			0		
289	0	9					464.0	463.0	e	2904.0	1392.0	975.0	975.0	[2, 1, 4, 2]	[2, 1, 4, 2, 3, 1, 4, 3]	C					116	400.0	399.0	1	528.0	527.0
290	0	9			544.0	543.0	288.0	287.0	e	2904.0	1600.0	2048.0	2048.0	[3, 2, 4, 1, 2]	[3, 2, 4, 1, 2, 4, 3, 1]	A					116	415.0	415.0	1	353.0	351.0
291	0	9				15.0	384.0	383.0	e	2904.0	1152.0	604.0	604.0	[1, 4, 2, 3, 2]	[1, 4, 2, 3, 1, 3, 4, 2]	B					116	384.0	383.0	0	368.0	367.0
292	0	9							e	2904.0	0.0		289.0	[2]	[1, 4, 2, 3, 1, 3, 4, 2]	B					116			0		
293	0	9			336.0	335.0	256.0	255.0	e	2904.0	1552.0	394.0	394.0	[1, 4, 2, 3, 1, 4]	[1, 4, 2, 3, 1, 3, 4, 2]	B				399.0	116	256.0	255.0	0	304.0	303.0
294	0	9	416.0	415.0	352.0	351.0	432.0	431.0	e	2904.0	2768.0	544.0	544.0	[2, 1, 4, 2, 3, 1, 4, 3]	[2, 1, 4, 2, 3, 1, 4, 3]	C	368.0	367.0	368.0	367.0	116	384.0	383.0	1	448.0	447.0
295	0	9	320.0	319.0	416.0	415.0	288.0	287.0	e	2904.0	2495.0	581.0	581.0	[3, 2, 4, 1, 2, 4, 3, 1]	[3, 2, 4, 1, 2, 4, 3, 1]	A	384.0	383.0	384.0	383.0	116	368.0	367.0	1	335.0	335.0
296	0	9	336.0	335.0	432.0	431.0	368.0	367.0	e	2904.0	2512.0	487.0	487.0	[3, 2, 4, 1, 2, 4, 3, 1]	[3, 2, 4, 1, 2, 4, 3, 1]	A	320.0	319.0	416.0	415.0	116	352.0	351.0	1	287.0	287.0
297	0	9	384.0	383.0	480.0	479.0	560.0	559.0	e	2904.0	3008.0	900.0	900.0	[2, 1, 4, 2, 3, 1, 4, 3]	[2, 1, 4, 2, 3, 1, 4, 3]	C	384.0	383.0	352.0	351.0	116	416.0	415.0	1	432.0	431.0
298	0	9	432.0	431.0	448.0	447.0	400.0	399.0	e	2904.0	2816.0	432.0	432.0	[2, 1, 4, 2, 3, 1, 4, 3]	[2, 1, 4, 2, 3, 1, 4, 3]	C	368.0	367.0	400.0	399.0	116	336.0	335.0	1	432.0	431.0
299	0	9	368.0	367.0	336.0	335.0	272.0	271.0	e	2904.0	2400.0	691.0	691.0	[1, 4, 2, 3, 1, 3, 4, 2]	[1, 4, 2, 3, 1, 3, 4, 2]	B	400.0	399.0	384.0	383.0	116	272.0	271.0	1	368.0	367.0
300	0	9							e	2904.0	335.0	621.0	621.0	[3, 3]	[3, 2, 4, 1, 2, 4, 3, 1]	A					116			0		335.0
301	0	9		335.0	352.0	351.0	320.0	319.0	e	2904.0	2384.0	632.0	632.0	[1, 4, 2, 3, 1, 3, 4, 1]	[1, 4, 2, 3, 1, 3, 4, 2]	B	449.0	448.0	400.0	399.0	116	256.0	255.0	0	272.0	271.0
302	0	9							e	2904.0	0.0		547.0	[3]	[2, 1, 4, 2, 3, 1, 4, 3]	C					116			0		
303	0	9	336.0	335.0	432.0	431.0	208.0	207.0	e	2904.0	2496.0	652.0	652.0	[1, 4, 2, 3, 1, 3, 4, 2]	[1, 4, 2, 3, 1, 3, 4, 2]	B	400.0	399.0	448.0	447.0	116	335.0	335.0	1	337.0	335.0
304	0	9		319.0	320.0	319.0	432.0	431.0	e	2904.0	2784.0	659.0	659.0	[2, 1, 4, 2, 3, 1, 4, 2]	[2, 1, 4, 2, 3, 1, 4, 3]	C	304.0	303.0	336.0	335.0	116	416.0	415.0	0	656.0	655.0
305	0	9	496.0	495.0	528.0	527.0	352.0	351.0	e	2904.0	2959.0	639.0	639.0	[3, 2, 4, 1, 2, 4, 3, 1]	[3, 2, 4, 1, 2, 4, 3, 1]	A	528.0	527.0	320.0	319.0	116	432.0	431.0	1	303.0	303.0
306	0	9			320.0	319.0	304.0	303.0	e	2904.0	1600.0	2362.0	2362.0	[1, 4, 2, 3, 1, 3]	[1, 4, 2, 3, 1, 3, 4, 2]	B			304.0	303.0	116	320.0	319.0	1	352.0	351.0
307	1	9	528.0	528.0	415.0	415.0	193.0	192.0	e	2904.0	2080.0	457.0	457.0	[1, 4, 2, 3, 1, 3, 4, 2]	[1, 4, 2, 3, 1, 3, 4, 2]	B	17.0	16.0	320.0	319.0	116	368.0	367.0	0	239.0	239.0
308	0	9	384.0	383.0	496.0	495.0	304.0	303.0	e	2904.0	2432.0	650.0	650.0	[3, 2, 4, 1, 2, 4, 3, 1]	[3, 2, 4, 1, 2, 4, 3, 1]	A	272.0	271.0	320.0	319.0	116	384.0	383.0	1	272.0	271.0
309	0	9			449.0	448.0	320.0	319.0	e	2904.0	1440.0	436.0	436.0	[3, 2, 4, 1, 2, 3]	[3, 2, 4, 1, 2, 4, 3, 1]	A				47.0	116	336.0	335.0	0	288.0	287.0
310	0	9			384.0	383.0	207.0	207.0	e	2904.0	1456.0	607.0	607.0	[1, 4, 2, 3, 1, 4]	[1, 4, 2, 3, 1, 3, 4, 2]	B				335.0	116	273.0	271.0	0	256.0	255.0
311	0	9							e	2904.0	304.0	388.0	388.0	[2, 3]	[2, 1, 4, 2, 3, 1, 4, 3]	C					116			0		303.0
312	0	9							e	2904.0	944.0	674.0	674.0	[1, 4, 3]	[1, 4, 2, 3, 1, 3, 4, 2]	B					116		431.0	0	512.0	511.0
313	0	9							e	2904.0	0.0		486.0	[4]	[3, 2, 4, 1, 2, 4, 3, 1]	A					116			0		
314	0	9	416.0	415.0	336.0	335.0	352.0	351.0	e	2904.0	2816.0	674.0	674.0	[2, 1, 4, 2, 3, 1, 4, 3]	[2, 1, 4, 2, 3, 1, 4, 3]	C	400.0	399.0	400.0	399.0	116	416.0	415.0	1	496.0	495.0
315	0	9		303.0	272.0	271.0	320.0	319.0	e	2904.0	2208.0	511.0	511.0	[2, 1, 4, 2, 3, 1, 4, 2]	[2, 1, 4, 2, 3, 1, 4, 3]	C	320.0	319.0	304.0	303.0	116	288.0	287.0	0	400.0	399.0
316	0	9			560.0	559.0	272.0	271.0	e	2904.0	1744.0	578.0	578.0	[1, 4, 2, 3, 1, 4]	[1, 4, 2, 3, 1, 3, 4, 2]	B				367.0	116	320.0	319.0	0	224.0	223.0
317	0	9	352.0	351.0	448.0	447.0	288.0	287.0	e	2904.0	2400.0	513.0	513.0	[3, 2, 4, 1, 2, 4, 3, 1]	[3, 2, 4, 1, 2, 4, 3, 1]	A	320.0	319.0	352.0	351.0	116	320.0	319.0	1	320.0	319.0
318	0	9			528.0	527.0	367.0	367.0	e	2904.0	1840.0	480.0	480.0	[3, 2, 4, 1, 2, 3]	[3, 2, 4, 1, 2, 4, 3, 1]	A				271.0	116	385.0	384.0	0	288.0	287.0
319	0	9						351.0	e	2904.0	992.0	683.0	683.0	[1, 4, 2, 4]	[1, 4, 2, 3, 1, 3, 4, 2]	B					116	464.0	463.0	0	176.0	175.0
320	0	9	432.0	431.0	352.0	351.0	560.0	559.0	e	2904.0	2800.0	560.0	560.0	[2, 1, 4, 2, 3, 1, 4, 3]	[2, 1, 4, 2, 3, 1, 4, 3]	C	336.0	335.0	352.0	351.0	116	336.0	335.0	1	432.0	431.0
321	0	9	368.0	367.0	496.0	495.0	320.0	319.0	e	2904.0	2464.0	559.0	559.0	[3, 2, 4, 1, 2, 4, 3, 1]	[3, 2, 4, 1, 2, 4, 3, 1]	A	304.0	303.0	288.0	287.0	116	352.0	351.0	1	336.0	335.0
322	0	9			752.0	751.0	368.0	367.0	e	2904.0	3009.0	817.0	817.0	[3, 2, 4, 1, 2, 3]	[3, 2, 4, 1, 2, 4, 3, 1]	A				1104.0	116	400.0	399.0	0	384.0	383.0
323	0	9	368.0	367.0	288.0	287.0	304.0	303.0	e	2904.0	2336.0	702.0	702.0	[2, 1, 4, 2, 3, 1, 4, 3]	[2, 1, 4, 2, 3, 1, 4, 3]	C	336.0	335.0	272.0	271.0	116	304.0	303.0	1	464.0	463.0
