	accuracy	block	eight_IKI	eight_RT	five_IKI	five_RT	four_IKI	four_RT	group	max_time	movement_time	one_IKI	one_RT	pressed	reward	seq_keys	sequence	seven_IKI	seven_RT	six_IKI	six_RT	subject	three_IKI	three_RT	too_slow	two_IKI	two_RT
0	1	1	480.0	478.0	416.0	414.0	432.0	430.0	loss	4330.0	3103.0	523.0	523.0	[3, 2, 4, 1, 2, 4, 3, 1]	30	[3, 2, 4, 1, 2, 4, 3, 1]	C	447.0	445.0	448.0	446.0	126	432.0	430.0	0	448.0	446.0
1	1	1	608.0	606.0	496.0	494.0	416.0	414.0	loss	4330.0	3552.0	398.0	398.0	[3, 2, 4, 1, 2, 4, 3, 1]	30	[3, 2, 4, 1, 2, 4, 3, 1]	C	448.0	446.0	608.0	606.0	126	512.0	510.0	0	464.0	462.0
2	1	1	480.0	478.0	512.0	510.0	448.0	446.0	loss	4330.0	3360.0	464.0	464.0	[2, 1, 4, 2, 3, 1, 4, 3]	5	[2, 1, 4, 2, 3, 1, 4, 3]	A	495.0	493.0	512.0	510.0	126	433.0	431.0	0	480.0	478.0
3	1	1	496.0	494.0	432.0	430.0	480.0	478.0	loss	4330.0	3312.0	478.0	478.0	[4, 3, 1, 4, 2, 3, 1, 2]	10	[4, 3, 1, 4, 2, 3, 1, 2]	B	480.0	478.0	448.0	446.0	126	496.0	494.0	0	480.0	478.0
4	1	1	495.0	494.0	464.0	462.0	432.0	430.0	loss	4330.0	3264.0	462.0	462.0	[4, 3, 1, 4, 2, 3, 1, 2]	10	[4, 3, 1, 4, 2, 3, 1, 2]	B	465.0	463.0	464.0	462.0	126	480.0	478.0	0	464.0	462.0
5	0	1			400.0	398.0	528.0	526.0	loss	4330.0	2880.0	702.0	702.0	[3, 2, 4, 1, 2, 4, 3]	30	[3, 2, 4, 1, 2, 4, 3, 1]	C	448.0	446.0	512.0	510.0	126	496.0	494.0	1	496.0	494.0
6	1	1	528.0	526.0	336.0	333.0	383.0	381.0	loss	4330.0	2767.0	524.0	524.0	[3, 2, 4, 1, 2, 4, 3, 1]	30	[3, 2, 4, 1, 2, 4, 3, 1]	C	352.0	349.0	432.0	430.0	126	352.0	350.0	0	384.0	382.0
7	1	1	352.0	350.0	512.0	510.0	336.0	334.0	loss	4330.0	3168.0	270.0	270.0	[3, 2, 4, 1, 2, 4, 3, 1]	30	[3, 2, 4, 1, 2, 4, 3, 1]	C	464.0	462.0	416.0	414.0	126	400.0	398.0	0	688.0	686.0
8	1	1	528.0	526.0	368.0	366.0	352.0	350.0	loss	4330.0	2815.0	461.0	461.0	[2, 1, 4, 2, 3, 1, 4, 3]	5	[2, 1, 4, 2, 3, 1, 4, 3]	A	416.0	414.0	367.0	365.0	126	368.0	366.0	0	416.0	414.0
9	1	1	448.0	446.0	464.0	462.0	352.0	350.0	loss	4330.0	2816.0	526.0	526.0	[4, 3, 1, 4, 2, 3, 1, 2]	10	[4, 3, 1, 4, 2, 3, 1, 2]	B	384.0	382.0	352.0	350.0	126	384.0	382.0	0	432.0	430.0
10	1	1	543.0	541.0	512.0	510.0	400.0	398.0	loss	4330.0	2911.0	478.0	478.0	[2, 1, 4, 2, 3, 1, 4, 3]	5	[2, 1, 4, 2, 3, 1, 4, 3]	A	400.0	398.0	320.0	318.0	126	320.0	318.0	0	416.0	414.0
11	1	1	480.0	478.0	400.0	398.0	545.0	543.0	loss	4330.0	3057.0	349.0	349.0	[3, 2, 4, 1, 2, 4, 3, 1]	30	[3, 2, 4, 1, 2, 4, 3, 1]	C	384.0	382.0	400.0	398.0	126	480.0	478.0	0	368.0	366.0
12	1	1	432.0	430.0	448.0	446.0	368.0	366.0	loss	4330.0	2832.0	494.0	494.0	[4, 3, 1, 4, 2, 3, 1, 2]	10	[4, 3, 1, 4, 2, 3, 1, 2]	B	368.0	366.0	368.0	366.0	126	416.0	414.0	0	432.0	430.0
13	1	1	432.0	430.0	448.0	446.0	336.0	334.0	loss	4330.0	2960.0	462.0	462.0	[2, 1, 4, 2, 3, 1, 4, 3]	5	[2, 1, 4, 2, 3, 1, 4, 3]	A	432.0	430.0	512.0	510.0	126	384.0	382.0	0	416.0	414.0
14	1	1	416.0	414.0	416.0	414.0	368.0	366.0	loss	4330.0	2656.0	702.0	702.0	[2, 1, 4, 2, 3, 1, 4, 3]	5	[2, 1, 4, 2, 3, 1, 4, 3]	A	320.0	318.0	384.0	382.0	126	384.0	382.0	0	368.0	366.0
15	1	1	432.0	430.0	368.0	366.0	352.0	350.0	loss	4330.0	2688.0	493.0	493.0	[3, 2, 4, 1, 2, 4, 3, 1]	30	[3, 2, 4, 1, 2, 4, 3, 1]	C	432.0	430.0	368.0	366.0	126	368.0	366.0	0	368.0	366.0
16	1	1	416.0	414.0	400.0	398.0	384.0	382.0	loss	4330.0	2688.0	428.0	428.0	[2, 1, 4, 2, 3, 1, 4, 3]	5	[2, 1, 4, 2, 3, 1, 4, 3]	A	352.0	350.0	416.0	414.0	126	384.0	382.0	0	336.0	334.0
17	0	1							loss	4330.0	432.0	348.0	348.0	[3, 3]	30	[3, 2, 4, 1, 2, 4, 3, 1]	C					126			0		430.0
18	1	1	400.0	398.0	432.0	430.0	368.0	366.0	loss	4330.0	2768.0	510.0	510.0	[3, 2, 4, 1, 2, 4, 3, 1]	30	[3, 2, 4, 1, 2, 4, 3, 1]	C	416.0	414.0	384.0	382.0	126	400.0	398.0	0	368.0	366.0
19	1	1	656.0	654.0	432.0	430.0	368.0	366.0	loss	4330.0	3007.0	476.0	476.0	[4, 3, 1, 4, 2, 3, 1, 2]	10	[4, 3, 1, 4, 2, 3, 1, 2]	B	336.0	334.0	352.0	350.0	126	511.0	510.0	0	352.0	350.0
20	0	1			544.0	542.0	512.0	510.0	loss	4330.0	2976.0	764.0	764.0	[4, 3, 1, 4, 2, 3, 1]	10	[4, 3, 1, 4, 2, 3, 1, 2]	B	416.0	414.0	432.0	430.0	126	656.0	654.0	1	416.0	414.0
21	1	1	448.0	446.0	368.0	366.0	336.0	334.0	loss	4330.0	2400.0	678.0	678.0	[4, 3, 1, 4, 2, 3, 1, 2]	10	[4, 3, 1, 4, 2, 3, 1, 2]	B	320.0	318.0	288.0	286.0	126	320.0	318.0	0	320.0	317.0
22	1	1	432.0	430.0	400.0	398.0	336.0	334.0	loss	4330.0	2608.0	458.0	458.0	[4, 3, 1, 4, 2, 3, 1, 2]	10	[4, 3, 1, 4, 2, 3, 1, 2]	B	304.0	302.0	304.0	302.0	126	352.0	350.0	0	480.0	478.0
23	0	1				350.0	288.0	286.0	loss	3308.0	1616.0	376.0	376.0	[4, 3, 1, 4, 3]	10	[4, 3, 1, 4, 2, 3, 1, 2]	B					126	464.0	462.0	0	512.0	510.0
24	1	1	368.0	366.0	384.0	382.0	320.0	318.0	loss	3308.0	2400.0	653.0	653.0	[2, 1, 4, 2, 3, 1, 4, 3]	5	[2, 1, 4, 2, 3, 1, 4, 3]	A	336.0	334.0	304.0	302.0	126	352.0	350.0	0	336.0	334.0
25	0	1	400.0	398.0	656.0	654.0	400.0	398.0	loss	3292.0	3167.0	696.0	696.0	[4, 3, 1, 4, 2, 3, 1, 2]	10	[4, 3, 1, 4, 2, 3, 1, 2]	B	416.0	414.0	463.0	461.0	126	352.0	350.0	1	480.0	478.0
26	1	1	368.0	366.0	368.0	366.0	288.0	286.0	loss	3292.0	2816.0	330.0	330.0	[3, 2, 4, 1, 2, 4, 3, 1]	30	[3, 2, 4, 1, 2, 4, 3, 1]	C	544.0	542.0	512.0	510.0	126	448.0	446.0	0	288.0	286.0
27	0	1							loss	3292.0	496.0	343.0	343.0	[3, 3]	30	[3, 2, 4, 1, 2, 4, 3, 1]	C					126			0		494.0
28	1	1	368.0	366.0	384.0	382.0	336.0	334.0	loss	3292.0	2768.0	473.0	473.0	[4, 3, 1, 4, 2, 3, 1, 2]	10	[4, 3, 1, 4, 2, 3, 1, 2]	B	368.0	366.0	320.0	318.0	126	448.0	446.0	0	544.0	542.0
29	1	1	448.0	446.0	640.0	638.0	336.0	334.0	loss	3291.0	2880.0	328.0	328.0	[4, 3, 1, 4, 2, 3, 1, 2]	10	[4, 3, 1, 4, 2, 3, 1, 2]	B	352.0	350.0	320.0	318.0	126	352.0	350.0	0	432.0	430.0
30	0	1	513.0	511.0	608.0	606.0	384.0	382.0	loss	3288.0	2929.0	489.0	489.0	[2, 1, 4, 2, 3, 1, 4, 3]	5	[2, 1, 4, 2, 3, 1, 4, 3]	A	400.0	398.0	368.0	366.0	126	336.0	334.0	1	320.0	318.0
31	1	1	336.0	334.0	416.0	414.0	320.0	318.0	loss	3288.0	2448.0	473.0	473.0	[2, 1, 4, 2, 3, 1, 4, 3]	5	[2, 1, 4, 2, 3, 1, 4, 3]	A	288.0	286.0	448.0	446.0	126	288.0	286.0	0	352.0	350.0
32	1	1	304.0	302.0	592.0	590.0	320.0	318.0	loss	3241.0	2592.0	359.0	359.0	[2, 1, 4, 2, 3, 1, 4, 3]	5	[2, 1, 4, 2, 3, 1, 4, 3]	A	320.0	318.0	432.0	430.0	126	288.0	286.0	0	336.0	334.0
33	0	1				366.0	288.0	286.0	loss	3241.0	1376.0	553.0	553.0	[2, 1, 4, 2, 4]	5	[2, 1, 4, 2, 3, 1, 4, 3]	A					126	384.0	382.0	0	336.0	334.0
34	1	1	336.0	334.0	304.0	302.0	336.0	334.0	loss	3241.0	2592.0	569.0	569.0	[3, 2, 4, 1, 2, 4, 3, 1]	30	[3, 2, 4, 1, 2, 4, 3, 1]	C	368.0	366.0	368.0	366.0	126	448.0	446.0	0	432.0	430.0
35	1	1	384.0	382.0	432.0	430.0	305.0	303.0	loss	3241.0	2673.0	360.0	360.0	[2, 1, 4, 2, 3, 1, 4, 3]	5	[2, 1, 4, 2, 3, 1, 4, 3]	A	576.0	574.0	336.0	334.0	126	336.0	334.0	0	304.0	302.0
36	0	2	480.0	478.0	416.0	414.0	336.0	334.0	loss	3161.0	3040.0	474.0	474.0	[4, 3, 1, 4, 2, 3, 1, 2]	10	[4, 3, 1, 4, 2, 3, 1, 2]	B	384.0	382.0	448.0	446.0	126	432.0	430.0	1	544.0	541.0
37	1	2	352.0	350.0	336.0	334.0	240.0	238.0	loss	3161.0	2145.0	410.0	410.0	[2, 1, 4, 2, 3, 1, 4, 3]	5	[2, 1, 4, 2, 3, 1, 4, 3]	A	465.0	463.0	272.0	270.0	126	256.0	254.0	0	224.0	222.0
38	1	2	512.0	510.0	400.0	398.0	304.0	302.0	loss	3161.0	2560.0	488.0	488.0	[4, 3, 1, 4, 2, 3, 1, 2]	10	[4, 3, 1, 4, 2, 3, 1, 2]	B	272.0	270.0	288.0	286.0	126	304.0	302.0	0	480.0	478.0
39	0	2							loss	3146.0	496.0	343.0	343.0	[4, 4]	10	[4, 3, 1, 4, 2, 3, 1, 2]	B					126			0		494.0
40	0	2	496.0	494.0	448.0	446.0	416.0	414.0	loss	3146.0	2863.0	425.0	425.0	[4, 3, 1, 4, 2, 3, 1, 2]	10	[4, 3, 1, 4, 2, 3, 1, 2]	B	416.0	414.0	399.0	397.0	126	352.0	350.0	1	336.0	334.0
41	0	2							loss	3146.0	272.0	471.0	471.0	[3, 1]	30	[3, 2, 4, 1, 2, 4, 3, 1]	C					126			0		270.0
42	1	2	384.0	383.0	432.0	430.0	336.0	334.0	loss	3146.0	2608.0	348.0	348.0	[4, 3, 1, 4, 2, 3, 1, 2]	10	[4, 3, 1, 4, 2, 3, 1, 2]	B	320.0	318.0	304.0	302.0	126	400.0	398.0	0	432.0	430.0
43	1	2	384.0	382.0	400.0	398.0	512.0	510.0	loss	3129.0	2736.0	377.0	377.0	[4, 3, 1, 4, 2, 3, 1, 2]	10	[4, 3, 1, 4, 2, 3, 1, 2]	B	336.0	334.0	272.0	270.0	126	368.0	366.0	0	464.0	462.0
44	0	2			336.0	334.0	352.0	350.0	loss	3118.0	2192.0	375.0	375.0	[3, 2, 4, 1, 2, 4, 2]	30	[3, 2, 4, 1, 2, 4, 3, 1]	C		350.0	416.0	414.0	126	432.0	430.0	0	304.0	302.0
45	1	2	416.0	414.0	496.0	494.0	320.0	318.0	loss	3118.0	2752.0	362.0	362.0	[4, 3, 1, 4, 2, 3, 1, 2]	10	[4, 3, 1, 4, 2, 3, 1, 2]	B	336.0	334.0	288.0	286.0	126	432.0	430.0	0	464.0	462.0
46	0	2	496.0	494.0	752.0	750.0	272.0	270.0	loss	3114.0	2928.0	298.0	298.0	[2, 1, 4, 2, 3, 1, 4, 3]	5	[2, 1, 4, 2, 3, 1, 4, 3]	A	384.0	382.0	384.0	382.0	126	304.0	302.0	1	336.0	334.0
47	1	2	432.0	430.0	368.0	366.0	304.0	302.0	loss	3114.0	2545.0	440.0	440.0	[4, 3, 1, 4, 2, 3, 1, 2]	10	[4, 3, 1, 4, 2, 3, 1, 2]	B	352.0	350.0	320.0	318.0	126	417.0	415.0	0	352.0	350.0
48	0	2	352.0	350.0	352.0	350.0	400.0	398.0	loss	3048.0	2992.0	343.0	343.0	[3, 2, 4, 1, 2, 4, 3, 1]	30	[3, 2, 4, 1, 2, 4, 3, 1]	C	512.0	510.0	512.0	510.0	126	400.0	398.0	1	464.0	462.0
49	1	2	464.0	462.0	320.0	318.0	352.0	350.0	loss	3048.0	2416.0	567.0	567.0	[2, 1, 4, 2, 3, 1, 4, 3]	5	[2, 1, 4, 2, 3, 1, 4, 3]	A	304.0	302.0	288.0	286.0	126	320.0	318.0	0	368.0	366.0
50	1	2	400.0	398.0	368.0	366.0	320.0	318.0	loss	3048.0	2544.0	311.0	311.0	[4, 3, 1, 4, 2, 3, 1, 2]	10	[4, 3, 1, 4, 2, 3, 1, 2]	B	384.0	382.0	288.0	286.0	126	352.0	350.0	0	432.0	430.0
51	1	2	320.0	318.0	352.0	350.0	320.0	318.0	loss	3032.0	2448.0	277.0	277.0	[3, 2, 4, 1, 2, 4, 3, 1]	30	[3, 2, 4, 1, 2, 4, 3, 1]	C	416.0	414.0	400.0	398.0	126	336.0	334.0	0	304.0	302.0
52	0	2			336.0	334.0	320.0	318.0	loss	3002.0	2000.0	518.0	518.0	[3, 2, 4, 1, 2, 4, 2]	30	[3, 2, 4, 1, 2, 4, 3, 1]	C		366.0	304.0	302.0	126	272.0	270.0	0	400.0	398.0
53	0	2				366.0	288.0	286.0	loss	3002.0	1295.0	475.0	475.0	[2, 1, 4, 2, 4]	5	[2, 1, 4, 2, 3, 1, 4, 3]	A					126	304.0	301.0	0	335.0	333.0
54	1	2	448.0	446.0	320.0	318.0	384.0	382.0	loss	3002.0	2480.0	376.0	376.0	[2, 1, 4, 2, 3, 1, 4, 3]	5	[2, 1, 4, 2, 3, 1, 4, 3]	A	384.0	382.0	384.0	382.0	126	384.0	382.0	0	176.0	174.0
55	0	2							loss	2937.0	208.0	597.0	597.0	[3, 3]	30	[3, 2, 4, 1, 2, 4, 3, 1]	C					126			0		206.0
56	1	2	416.0	414.0	336.0	334.0	336.0	334.0	loss	2937.0	2256.0	329.0	329.0	[2, 1, 4, 2, 3, 1, 4, 3]	5	[2, 1, 4, 2, 3, 1, 4, 3]	A	288.0	286.0	272.0	270.0	126	256.0	254.0	0	352.0	350.0
57	1	2	304.0	302.0	400.0	398.0	337.0	335.0	loss	2936.0	2481.0	294.0	294.0	[3, 2, 4, 1, 2, 4, 3, 1]	30	[3, 2, 4, 1, 2, 4, 3, 1]	C	464.0	462.0	368.0	366.0	126	304.0	302.0	0	304.0	302.0
58	1	2	432.0	430.0	464.0	462.0	208.0	205.0	loss	2907.0	2560.0	278.0	278.0	[4, 3, 1, 4, 2, 3, 1, 2]	10	[4, 3, 1, 4, 2, 3, 1, 2]	B	384.0	382.0	176.0	174.0	126	432.0	430.0	0	464.0	462.0
59	0	2	416.0	414.0	336.0	334.0	352.0	350.0	loss	2920.0	2752.0	422.0	422.0	[3, 2, 4, 1, 2, 4, 3, 1]	30	[3, 2, 4, 1, 2, 4, 3, 1]	C	560.0	558.0	400.0	398.0	126	288.0	286.0	1	400.0	398.0
60	0	2	480.0	478.0	352.0	350.0	384.0	382.0	loss	2920.0	2864.0	551.0	551.0	[3, 2, 4, 1, 2, 4, 3, 1]	30	[3, 2, 4, 1, 2, 4, 3, 1]	C	448.0	446.0	400.0	398.0	126	336.0	334.0	1	464.0	462.0
61	0	2							loss	2920.0	256.0	408.0	408.0	[4, 2]	10	[4, 3, 1, 4, 2, 3, 1, 2]	B					126			0		254.0
62	0	2						302.0	loss	2920.0	959.0	345.0	345.0	[2, 1, 4, 3]	5	[2, 1, 4, 2, 3, 1, 4, 3]	A					126	287.0	285.0	0	368.0	366.0
63	0	2	512.0	510.0	576.0	574.0	240.0	238.0	loss	2920.0	2480.0	441.0	441.0	[2, 1, 4, 2, 3, 1, 4, 3]	5	[2, 1, 4, 2, 3, 1, 4, 3]	A	400.0	398.0	192.0	190.0	126	320.0	318.0	1	240.0	238.0
64	0	2	288.0	286.0	271.0	270.0	384.0	382.0	loss	2920.0	2607.0	440.0	440.0	[3, 2, 4, 1, 2, 4, 3, 1]	30	[3, 2, 4, 1, 2, 4, 3, 1]	C	464.0	462.0	320.0	318.0	126	256.0	254.0	1	624.0	622.0
65	0	2				318.0	336.0	334.0	loss	2920.0	1312.0	455.0	455.0	[4, 3, 1, 4, 3]	10	[4, 3, 1, 4, 2, 3, 1, 2]	B					126	288.0	286.0	0	368.0	366.0
66	0	2							loss	2920.0	256.0	310.0	310.0	[3, 1]	30	[3, 2, 4, 1, 2, 4, 3, 1]	C					126			0		254.0
67	0	2						286.0	loss	2920.0	912.0	473.0	473.0	[2, 1, 4, 3]	5	[2, 1, 4, 2, 3, 1, 4, 3]	A					126	272.0	270.0	0	352.0	350.0
68	0	2	512.0	510.0	448.0	446.0	352.0	350.0	loss	2920.0	2880.0	344.0	344.0	[2, 1, 4, 2, 3, 1, 4, 3]	5	[2, 1, 4, 2, 3, 1, 4, 3]	A	352.0	350.0	272.0	270.0	126	576.0	574.0	1	368.0	366.0
69	0	2			304.0	302.0	368.0	366.0	loss	2920.0	2000.0	422.0	422.0	[3, 2, 4, 1, 2, 4, 2]	30	[3, 2, 4, 1, 2, 4, 3, 1]	C		206.0	368.0	366.0	126	256.0	254.0	0	496.0	494.0
70	0	2	336.0	334.0	304.0	302.0	448.0	446.0	loss	2920.0	2448.0	697.0	697.0	[2, 1, 4, 2, 3, 1, 4, 3]	5	[2, 1, 4, 2, 3, 1, 4, 3]	A	304.0	302.0	288.0	286.0	126	304.0	302.0	1	464.0	462.0
71	0	2				366.0	528.0	526.0	loss	2920.0	1424.0	440.0	440.0	[2, 1, 4, 2, 4]	5	[2, 1, 4, 2, 3, 1, 4, 3]	A					126	208.0	206.0	0	320.0	318.0
72	0	3				302.0	352.0	350.0	loss	2920.0	1440.0	1226.0	1226.0	[4, 3, 1, 4, 3]	10	[4, 3, 1, 4, 2, 3, 1, 2]	B					126	320.0	318.0	0	464.0	462.0
73	1	3	288.0	286.0	384.0	382.0	352.0	350.0	loss	2920.0	2384.0	261.0	261.0	[3, 2, 4, 1, 2, 4, 3, 1]	30	[3, 2, 4, 1, 2, 4, 3, 1]	C	480.0	478.0	304.0	302.0	126	368.0	366.0	0	208.0	206.0
74	1	3	352.0	350.0	336.0	334.0	368.0	366.0	loss	2905.0	2240.0	411.0	411.0	[2, 1, 4, 2, 3, 1, 4, 3]	5	[2, 1, 4, 2, 3, 1, 4, 3]	A	352.0	350.0	240.0	238.0	126	256.0	254.0	0	336.0	334.0
75	0	3						269.0	loss	2904.0	976.0	275.0	275.0	[2, 1, 4, 3]	5	[2, 1, 4, 2, 3, 1, 4, 3]	A					126	416.0	414.0	0	288.0	286.0
76	1	3	288.0	286.0	384.0	382.0	224.0	222.0	loss	2904.0	2176.0	280.0	280.0	[2, 1, 4, 2, 3, 1, 4, 3]	5	[2, 1, 4, 2, 3, 1, 4, 3]	A	416.0	414.0	272.0	270.0	126	400.0	398.0	0	192.0	190.0
77	0	3	448.0	445.0	464.0	462.0	240.0	238.0	loss	2841.0	2495.0	357.0	357.0	[4, 3, 1, 4, 2, 3, 1, 2]	10	[4, 3, 1, 4, 2, 3, 1, 2]	B	319.0	318.0	208.0	206.0	126	368.0	366.0	1	448.0	446.0
78	1	3	224.0	222.0	368.0	366.0	272.0	270.0	loss	2841.0	2128.0	358.0	358.0	[2, 1, 4, 2, 3, 1, 4, 3]	5	[2, 1, 4, 2, 3, 1, 4, 3]	A	368.0	366.0	240.0	238.0	126	448.0	446.0	0	208.0	206.0
79	0	3							loss	2840.0	192.0	263.0	263.0	[4, 2]	10	[4, 3, 1, 4, 2, 3, 1, 2]	B					126			0		190.0
80	1	3	320.0	318.0	352.0	350.0	224.0	222.0	loss	2840.0	2240.0	248.0	248.0	[3, 2, 4, 1, 2, 4, 3, 1]	30	[3, 2, 4, 1, 2, 4, 3, 1]	C	416.0	414.0	368.0	366.0	126	272.0	270.0	0	288.0	286.0
81	0	3	464.0	462.0	480.0	478.0	320.0	318.0	loss	2838.0	2624.0	295.0	295.0	[4, 3, 1, 4, 2, 3, 1, 2]	10	[4, 3, 1, 4, 2, 3, 1, 2]	B	336.0	334.0	320.0	318.0	126	256.0	254.0	1	448.0	446.0
82	0	3			416.0	414.0	192.0	190.0	loss	2838.0	1184.0	293.0	293.0	[2, 1, 4, 2, 3, 3]	5	[2, 1, 4, 2, 3, 1, 4, 3]	A				94.0	126	240.0	238.0	0	240.0	237.0
83	0	3			256.0	254.0	240.0	238.0	loss	2838.0	1392.0	262.0	262.0	[3, 2, 4, 1, 2, 3]	30	[3, 2, 4, 1, 2, 4, 3, 1]	C				286.0	126	320.0	318.0	0	288.0	286.0
84	1	3	368.0	366.0	384.0	383.0	288.0	285.0	loss	2838.0	2239.0	295.0	295.0	[4, 3, 1, 4, 2, 3, 1, 2]	10	[4, 3, 1, 4, 2, 3, 1, 2]	B	256.0	254.0	271.0	270.0	126	320.0	318.0	0	352.0	350.0
85	1	3	320.0	318.0	336.0	334.0	272.0	270.0	loss	2796.0	2144.0	292.0	292.0	[3, 2, 4, 1, 2, 4, 3, 1]	30	[3, 2, 4, 1, 2, 4, 3, 1]	C	384.0	382.0	336.0	334.0	126	304.0	302.0	0	192.0	190.0
86	0	3			400.0	398.0	256.0	254.0	loss	2745.0	1984.0	372.0	372.0	[3, 2, 4, 1, 2, 4, 2]	30	[3, 2, 4, 1, 2, 4, 3, 1]	C		270.0	368.0	366.0	126	384.0	382.0	0	304.0	302.0
87	1	3	336.0	334.0	528.0	526.0	288.0	286.0	loss	2745.0	2240.0	264.0	264.0	[2, 1, 4, 2, 3, 1, 4, 3]	5	[2, 1, 4, 2, 3, 1, 4, 3]	A	304.0	302.0	272.0	270.0	126	256.0	254.0	0	256.0	254.0
88	1	3	304.0	302.0	384.0	382.0	288.0	286.0	loss	2727.0	2256.0	277.0	277.0	[3, 2, 4, 1, 2, 4, 3, 1]	30	[3, 2, 4, 1, 2, 4, 3, 1]	C	432.0	430.0	336.0	334.0	126	272.0	270.0	0	240.0	238.0
89	0	3		302.0	624.0	622.0	352.0	350.0	loss	2679.0	2992.0	282.0	282.0	[3, 2, 4, 1, 2, 4, 3, 3]	30	[3, 2, 4, 1, 2, 4, 3, 1]	C	368.0	366.0	448.0	446.0	126	336.0	334.0	0	560.0	558.0
90	0	3		478.0	448.0	446.0	320.0	318.0	loss	2679.0	2528.0	550.0	550.0	[4, 3, 1, 4, 2, 3, 1, 3]	10	[4, 3, 1, 4, 2, 3, 1, 2]	B	288.0	286.0	224.0	222.0	126	416.0	414.0	0	352.0	350.0
91	1	3	272.0	270.0	352.0	350.0	352.0	350.0	loss	2679.0	2336.0	245.0	245.0	[2, 1, 4, 2, 3, 1, 4, 3]	5	[2, 1, 4, 2, 3, 1, 4, 3]	A	384.0	382.0	272.0	270.0	126	448.0	446.0	0	256.0	254.0
92	0	3						206.0	loss	2630.0	816.0	291.0	291.0	[2, 1, 4, 3]	5	[2, 1, 4, 2, 3, 1, 4, 3]	A					126	400.0	398.0	0	208.0	206.0
93	0	3				254.0	271.0	270.0	loss	2630.0	1135.0	294.0	294.0	[4, 3, 1, 4, 3]	10	[4, 3, 1, 4, 2, 3, 1, 2]	B					126	368.0	367.0	0	240.0	238.0
94	0	3	384.0	382.0	288.0	286.0	352.0	350.0	loss	2630.0	2416.0	343.0	343.0	[3, 2, 4, 1, 2, 4, 3, 1]	30	[3, 2, 4, 1, 2, 4, 3, 1]	C	336.0	334.0	368.0	366.0	126	304.0	302.0	1	384.0	382.0
95	0	3							loss	2630.0	144.0	294.0	294.0	[4, 2]	10	[4, 3, 1, 4, 2, 3, 1, 2]	B					126			0		142.0
96	0	3	480.0	478.0	400.0	398.0	352.0	350.0	loss	2630.0	2624.0	296.0	296.0	[4, 3, 1, 4, 2, 3, 1, 2]	10	[4, 3, 1, 4, 2, 3, 1, 2]	B	336.0	334.0	416.0	414.0	126	528.0	526.0	1	112.0	110.0
97	0	3	416.0	414.0	336.0	334.0	384.0	382.0	loss	2630.0	2496.0	310.0	310.0	[4, 3, 1, 4, 2, 3, 1, 2]	10	[4, 3, 1, 4, 2, 3, 1, 2]	B	256.0	254.0	544.0	542.0	126	448.0	446.0	1	112.0	110.0
98	0	3						126.0	loss	2630.0	848.0	323.0	323.0	[4, 3, 1, 2]	10	[4, 3, 1, 4, 2, 3, 1, 2]	B					126	592.0	590.0	0	128.0	126.0
99	1	3	320.0	318.0	336.0	334.0	256.0	254.0	loss	2630.0	2128.0	359.0	359.0	[3, 2, 4, 1, 2, 4, 3, 1]	30	[3, 2, 4, 1, 2, 4, 3, 1]	C	352.0	350.0	352.0	350.0	126	336.0	334.0	0	176.0	174.0
100	1	3	336.0	334.0	336.0	334.0	256.0	254.0	loss	2550.0	2064.0	276.0	276.0	[2, 1, 4, 2, 3, 1, 4, 3]	5	[2, 1, 4, 2, 3, 1, 4, 3]	A	352.0	350.0	272.0	270.0	126	288.0	286.0	0	224.0	222.0
101	0	3	320.0	318.0	496.0	494.0	144.0	142.0	loss	2548.0	2512.0	308.0	308.0	[3, 2, 4, 1, 2, 4, 3, 1]	30	[3, 2, 4, 1, 2, 4, 3, 1]	C	432.0	430.0	464.0	462.0	126	464.0	462.0	1	192.0	190.0
102	0	3	416.0	414.0	336.0	334.0	448.0	446.0	loss	2548.0	2255.0	362.0	362.0	[2, 1, 4, 2, 3, 1, 4, 3]	5	[2, 1, 4, 2, 3, 1, 4, 3]	A	352.0	350.0	192.0	190.0	126	335.0	333.0	1	176.0	175.0
103	0	3			368.0	366.0	192.0	190.0	loss	2548.0	1312.0	244.0	244.0	[3, 2, 4, 1, 2, 3]	30	[3, 2, 4, 1, 2, 4, 3, 1]	C				238.0	126	320.0	318.0	0	192.0	190.0
104	1	3	336.0	334.0	272.0	270.0	496.0	494.0	loss	2548.0	2079.0	200.0	200.0	[2, 1, 4, 2, 3, 1, 4, 3]	5	[2, 1, 4, 2, 3, 1, 4, 3]	A	303.0	302.0	256.0	254.0	126	240.0	238.0	0	176.0	174.0
105	0	3			352.0	350.0	384.0	382.0	loss	2520.0	2624.0	5.0	5.0	[3, 2, 4, 1, 2, 4, 2]	30	[3, 2, 4, 1, 2, 4, 3, 1]	C		334.0	320.0	318.0	126	352.0	350.0	0	880.0	875.0
106	0	3	464.0	462.0	304.0	302.0	528.0	526.0	loss	2520.0	2528.0	454.0	454.0	[2, 1, 4, 2, 3, 1, 4, 3]	5	[2, 1, 4, 2, 3, 1, 4, 3]	A	336.0	334.0	288.0	286.0	126	208.0	206.0	1	400.0	398.0
107	0	3				350.0	256.0	254.0	loss	2520.0	1424.0	387.0	387.0	[4, 3, 1, 4, 3]	10	[4, 3, 1, 4, 2, 3, 1, 2]	B					126	400.0	398.0	0	416.0	414.0
108	0	4				302.0	288.0	286.0	loss	2520.0	1280.0	810.0	810.0	[4, 3, 1, 4, 3]	10	[4, 3, 1, 4, 2, 3, 1, 2]	B					126	304.0	302.0	0	384.0	382.0
109	0	4							loss	2520.0	208.0	724.0	724.0	[4, 1]	10	[4, 3, 1, 4, 2, 3, 1, 2]	B					126			0		206.0
110	1	4	256.0	254.0	304.0	302.0	288.0	286.0	loss	2520.0	1888.0	261.0	261.0	[2, 1, 4, 2, 3, 1, 4, 3]	5	[2, 1, 4, 2, 3, 1, 4, 3]	A	256.0	254.0	304.0	302.0	126	256.0	254.0	0	224.0	222.0
111	0	4		382.0	432.0	430.0	320.0	318.0	loss	2518.0	2384.0	1075.0	1075.0	[4, 3, 1, 4, 2, 3, 1, 3]	10	[4, 3, 1, 4, 2, 3, 1, 2]	B	304.0	302.0	240.0	238.0	126	304.0	302.0	0	400.0	398.0
112	1	4	256.0	254.0	320.0	318.0	272.0	270.0	loss	2518.0	1968.0	294.0	294.0	[2, 1, 4, 2, 3, 1, 4, 3]	5	[2, 1, 4, 2, 3, 1, 4, 3]	A	288.0	286.0	272.0	270.0	126	336.0	334.0	0	224.0	222.0
113	0	4			384.0	382.0	256.0	254.0	loss	2518.0	1343.0	292.0	292.0	[3, 2, 4, 1, 2, 3]	30	[3, 2, 4, 1, 2, 4, 3, 1]	C				254.0	126	240.0	238.0	0	207.0	205.0
114	1	4	256.0	254.0	352.0	350.0	224.0	222.0	loss	2518.0	2193.0	248.0	248.0	[3, 2, 4, 1, 2, 4, 3, 1]	30	[3, 2, 4, 1, 2, 4, 3, 1]	C	401.0	399.0	384.0	382.0	126	384.0	382.0	0	192.0	190.0
115	0	4							loss	2517.0	240.0	371.0	371.0	[3, 1]	30	[3, 2, 4, 1, 2, 4, 3, 1]	C					126			0		238.0
116	0	4	288.0	286.0	384.0	382.0	304.0	302.0	loss	2517.0	2352.0	405.0	405.0	[3, 2, 4, 1, 2, 4, 3, 1]	30	[3, 2, 4, 1, 2, 4, 3, 1]	C	448.0	446.0	288.0	286.0	126	336.0	334.0	1	304.0	302.0
117	0	4						222.0	loss	2517.0	800.0	260.0	260.0	[2, 1, 4, 3]	5	[2, 1, 4, 2, 3, 1, 4, 3]	A					126	416.0	414.0	0	160.0	158.0
118	0	4	192.0	190.0	480.0	478.0	288.0	286.0	loss	2517.0	2352.0	244.0	244.0	[3, 2, 4, 1, 2, 4, 3, 1]	30	[3, 2, 4, 1, 2, 4, 3, 1]	C	496.0	494.0	352.0	350.0	126	336.0	334.0	1	208.0	206.0
119	0	4						270.0	loss	2517.0	656.0	325.0	325.0	[3, 2, 4, 2]	30	[3, 2, 4, 1, 2, 4, 3, 1]	C					126	176.0	174.0	0	208.0	206.0
120	0	4			368.0	366.0	191.0	189.0	loss	2517.0	1135.0	278.0	278.0	[3, 2, 4, 1, 2, 3]	30	[3, 2, 4, 1, 2, 4, 3, 1]	C				222.0	126	177.0	175.0	0	175.0	174.0
121	0	4	368.0	366.0	416.0	414.0	256.0	254.0	loss	2517.0	2400.0	229.0	229.0	[3, 2, 4, 1, 2, 4, 3, 1]	30	[3, 2, 4, 1, 2, 4, 3, 1]	C	368.0	366.0	208.0	206.0	126	208.0	206.0	1	576.0	574.0
122	0	4	544.0	542.0	511.0	509.0	336.0	335.0	loss	2517.0	2768.0	342.0	342.0	[4, 3, 1, 4, 2, 3, 1, 2]	10	[4, 3, 1, 4, 2, 3, 1, 2]	B	208.0	206.0	304.0	301.0	126	400.0	398.0	1	465.0	463.0
123	0	4							loss	2517.0	208.0	579.0	579.0	[4, 2]	10	[4, 3, 1, 4, 2, 3, 1, 2]	B					126			0		206.0
124	0	4			368.0	366.0	304.0	302.0	loss	2517.0	1664.0	308.0	308.0	[4, 3, 1, 4, 2, 4]	10	[4, 3, 1, 4, 2, 3, 1, 2]	B				302.0	126	592.0	590.0	0	96.0	94.0
125	1	4	144.0	142.0	528.0	526.0	240.0	238.0	loss	2517.0	1696.0	259.0	259.0	[3, 2, 4, 1, 2, 4, 3, 1]	30	[3, 2, 4, 1, 2, 4, 3, 1]	C	256.0	254.0	176.0	174.0	126	192.0	190.0	0	160.0	158.0
126	0	4	544.0	542.0	496.0	494.0	112.0	110.0	loss	2470.0	2608.0	246.0	246.0	[2, 1, 4, 2, 3, 1, 4, 3]	5	[2, 1, 4, 2, 3, 1, 4, 3]	A	576.0	574.0	208.0	206.0	126	480.0	478.0	1	192.0	190.0
127	0	4		222.0	384.0	382.0	384.0	382.0	loss	2470.0	2592.0	549.0	549.0	[4, 3, 1, 4, 2, 3, 1, 4]	10	[4, 3, 1, 4, 2, 3, 1, 2]	B	400.0	398.0	288.0	286.0	126	544.0	542.0	0	368.0	366.0
128	0	4	208.0	206.0	400.0	398.0	528.0	526.0	loss	2470.0	2208.0	278.0	278.0	[4, 3, 1, 4, 2, 3, 1, 2]	10	[4, 3, 1, 4, 2, 3, 1, 2]	B	368.0	366.0	176.0	174.0	126	384.0	382.0	1	144.0	142.0
129	0	4	384.0	382.0	368.0	366.0	224.0	222.0	loss	2470.0	2305.0	373.0	373.0	[2, 1, 4, 2, 3, 1, 4, 3]	5	[2, 1, 4, 2, 3, 1, 4, 3]	A	513.0	511.0	192.0	190.0	126	448.0	446.0	1	176.0	174.0
130	0	4			384.0	382.0	176.0	174.0	loss	2470.0	1360.0	241.0	241.0	[2, 1, 4, 2, 3, 2]	5	[2, 1, 4, 2, 3, 1, 4, 3]	A				174.0	126	432.0	430.0	0	192.0	190.0
131	0	4	192.0	190.0	304.0	302.0	400.0	398.0	loss	2470.0	2400.0	371.0	371.0	[4, 3, 1, 4, 2, 3, 1, 2]	10	[4, 3, 1, 4, 2, 3, 1, 2]	B	368.0	366.0	256.0	254.0	126	432.0	430.0	1	448.0	446.0
132	1	4	144.0	142.0	464.0	462.0	144.0	142.0	loss	2470.0	1728.0	579.0	579.0	[3, 2, 4, 1, 2, 4, 3, 1]	30	[3, 2, 4, 1, 2, 4, 3, 1]	C	288.0	286.0	224.0	222.0	126	256.0	254.0	0	208.0	206.0
133	1	4	192.0	190.0	496.0	494.0	159.0	157.0	loss	2453.0	1791.0	234.0	234.0	[3, 2, 4, 1, 2, 4, 3, 1]	30	[3, 2, 4, 1, 2, 4, 3, 1]	C	272.0	270.0	192.0	189.0	126	241.0	237.0	0	239.0	237.0
134	0	4		126.0	368.0	366.0	128.0	126.0	loss	2420.0	2080.0	356.0	356.0	[2, 1, 4, 2, 3, 1, 4, 2]	5	[2, 1, 4, 2, 3, 1, 4, 3]	A	720.0	718.0	192.0	190.0	126	368.0	366.0	0	176.0	174.0
135	0	4						126.0	loss	2420.0	720.0	278.0	278.0	[4, 3, 1, 2]	10	[4, 3, 1, 4, 2, 3, 1, 2]	B					126	432.0	430.0	0	160.0	158.0
136	0	4						126.0	loss	2420.0	752.0	310.0	310.0	[2, 1, 4, 1]	5	[2, 1, 4, 2, 3, 1, 4, 3]	A					126	352.0	350.0	0	272.0	270.0
137	0	4		126.0	400.0	398.0	144.0	142.0	loss	2420.0	2097.0	262.0	262.0	[2, 1, 4, 2, 3, 1, 4, 2]	5	[2, 1, 4, 2, 3, 1, 4, 3]	A	528.0	526.0	320.0	318.0	126	417.0	415.0	0	160.0	158.0
138	1	4	16.0	14.0	416.0	414.0	176.0	174.0	loss	2420.0	2096.0	294.0	294.0	[2, 1, 4, 2, 3, 1, 4, 3]	5	[2, 1, 4, 2, 3, 1, 4, 3]	A	480.0	478.0	192.0	190.0	126	656.0	654.0	0	160.0	158.0
139	1	4	224.0	222.0	448.0	446.0	192.0	190.0	loss	2404.0	2048.0	116.0	116.0	[3, 2, 4, 1, 2, 4, 3, 1]	30	[3, 2, 4, 1, 2, 4, 3, 1]	C	256.0	254.0	416.0	414.0	126	256.0	254.0	0	256.0	254.0
140	0	4							loss	2404.0	0.0		36.0	[1]	5	[2, 1, 4, 2, 3, 1, 4, 3]	A					126			0		
141	0	4	320.0	318.0	432.0	430.0	432.0	430.0	loss	2404.0	2832.0	290.0	290.0	[4, 3, 1, 4, 2, 3, 1, 2]	10	[4, 3, 1, 4, 2, 3, 1, 2]	B	512.0	510.0	336.0	334.0	126	464.0	462.0	1	336.0	334.0
142	0	4	240.0	238.0	416.0	414.0	384.0	382.0	loss	2404.0	2193.0	218.0	218.0	[2, 1, 4, 2, 3, 1, 4, 3]	5	[2, 1, 4, 2, 3, 1, 4, 3]	A	385.0	383.0	240.0	238.0	126	272.0	270.0	1	256.0	254.0
143	0	4		190.0	432.0	430.0	176.0	174.0	loss	2404.0	1984.0	282.0	282.0	[4, 3, 1, 4, 2, 3, 1, 4]	10	[4, 3, 1, 4, 2, 3, 1, 2]	B	496.0	494.0	144.0	142.0	126	400.0	398.0	0	144.0	141.0
144	0	5			240.0	238.0	144.0	142.0	loss	2404.0	1472.0	27.0	27.0	[3, 2, 4, 1, 2, 4, 2]	30	[3, 2, 4, 1, 2, 4, 3, 1]	C		350.0	320.0	318.0	126	208.0	206.0	0	208.0	206.0
145	1	5	176.0	174.0	448.0	446.0	240.0	238.0	loss	2404.0	1936.0	424.0	424.0	[3, 2, 4, 1, 2, 4, 3, 1]	30	[3, 2, 4, 1, 2, 4, 3, 1]	C	336.0	334.0	192.0	190.0	126	352.0	350.0	0	192.0	190.0
146	0	5							loss	2372.0	0.0		199.0	[1]	5	[2, 1, 4, 2, 3, 1, 4, 3]	A					126			0		
147	0	5							loss	2372.0	560.0	296.0	296.0	[4, 3, 4]	10	[4, 3, 1, 4, 2, 3, 1, 2]	B					126		446.0	0	112.0	110.0
148	1	5	144.0	142.0	288.0	286.0	352.0	349.0	loss	2372.0	1984.0	321.0	321.0	[2, 1, 4, 2, 3, 1, 4, 3]	5	[2, 1, 4, 2, 3, 1, 4, 3]	A	384.0	382.0	208.0	206.0	126	384.0	382.0	0	224.0	222.0
149	1	5	144.0	142.0	368.0	366.0	176.0	174.0	loss	2355.0	1968.0	342.0	342.0	[2, 1, 4, 2, 3, 1, 4, 3]	5	[2, 1, 4, 2, 3, 1, 4, 3]	A	432.0	430.0	208.0	206.0	126	464.0	462.0	0	176.0	174.0
150	0	5							loss	2340.0	240.0	406.0	406.0	[4, 2]	10	[4, 3, 1, 4, 2, 3, 1, 2]	B					126			0		238.0
151	0	5	128.0	126.0	304.0	302.0	256.0	254.0	loss	2340.0	1888.0	539.0	539.0	[2, 1, 4, 2, 3, 1, 4, 3]	5	[2, 1, 4, 2, 3, 1, 4, 3]	A	400.0	398.0	160.0	158.0	126	448.0	446.0	1	192.0	190.0
152	0	5			480.0	478.0	144.0	141.0	loss	2340.0	1103.0	276.0	276.0	[3, 2, 4, 1, 2, 3]	30	[3, 2, 4, 1, 2, 4, 3, 1]	C				126.0	126	208.0	206.0	0	143.0	142.0
153	0	5	128.0	126.0	368.0	366.0	256.0	254.0	loss	2340.0	2112.0	467.0	467.0	[2, 1, 4, 2, 3, 1, 4, 3]	5	[2, 1, 4, 2, 3, 1, 4, 3]	A	496.0	494.0	224.0	222.0	126	304.0	302.0	1	336.0	334.0
154	1	5	144.0	142.0	320.0	318.0	128.0	126.0	loss	2340.0	1567.0	367.0	367.0	[3, 2, 4, 1, 2, 4, 3, 1]	30	[3, 2, 4, 1, 2, 4, 3, 1]	C	255.0	253.0	304.0	303.0	126	256.0	254.0	0	160.0	158.0
155	0	5			496.0	494.0	192.0	190.0	loss	2325.0	1792.0	256.0	256.0	[4, 3, 1, 4, 2, 4]	10	[4, 3, 1, 4, 2, 3, 1, 2]	B				286.0	126	736.0	734.0	0	80.0	78.0
156	0	5	112.0	110.0	528.0	526.0	192.0	190.0	loss	2325.0	2080.0	259.0	259.0	[4, 3, 1, 4, 2, 3, 1, 2]	10	[4, 3, 1, 4, 2, 3, 1, 2]	B	720.0	718.0	144.0	142.0	126	288.0	286.0	1	96.0	94.0
157	1	5	160.0	158.0	368.0	366.0	144.0	142.0	loss	2325.0	1632.0	192.0	192.0	[3, 2, 4, 1, 2, 4, 3, 1]	30	[3, 2, 4, 1, 2, 4, 3, 1]	C	208.0	206.0	304.0	302.0	126	272.0	270.0	0	176.0	174.0
158	1	5	144.0	142.0	544.0	542.0	160.0	158.0	loss	2260.0	1873.0	384.0	384.0	[3, 2, 4, 1, 2, 4, 3, 1]	30	[3, 2, 4, 1, 2, 4, 3, 1]	C	256.0	254.0	192.0	190.0	126	417.0	415.0	0	160.0	158.0
159	0	5		158.0	496.0	494.0	128.0	125.0	loss	2244.0	1999.0	256.0	256.0	[4, 3, 1, 4, 2, 3, 1, 3]	10	[4, 3, 1, 4, 2, 3, 1, 2]	B	416.0	414.0	144.0	142.0	126	560.0	558.0	0	95.0	93.0
160	1	5	160.0	158.0	368.0	366.0	128.0	126.0	loss	2244.0	1584.0	194.0	194.0	[3, 2, 4, 1, 2, 4, 3, 1]	30	[3, 2, 4, 1, 2, 4, 3, 1]	C	304.0	302.0	208.0	206.0	126	256.0	254.0	0	160.0	158.0
161	0	5	432.0	430.0	367.0	365.0	400.0	398.0	loss	2244.0	2991.0	432.0	432.0	[4, 3, 1, 4, 2, 3, 1, 2]	10	[4, 3, 1, 4, 2, 3, 1, 2]	B	336.0	334.0	288.0	286.0	126	704.0	702.0	1	464.0	462.0
162	1	5	160.0	158.0	272.0	270.0	176.0	174.0	loss	2244.0	1360.0	324.0	324.0	[3, 2, 4, 1, 2, 4, 3, 1]	30	[3, 2, 4, 1, 2, 4, 3, 1]	C	304.0	302.0	128.0	126.0	126	176.0	174.0	0	144.0	142.0
163	0	5	352.0	350.0	80.0	78.0	272.0	270.0	loss	2212.0	2769.0	673.0	673.0	[2, 1, 4, 2, 3, 1, 4, 3]	5	[2, 1, 4, 2, 3, 1, 4, 3]	A	384.0	382.0	817.0	815.0	126	448.0	446.0	1	416.0	414.0
164	0	5	208.0	206.0	368.0	366.0	240.0	238.0	loss	2212.0	2048.0	260.0	260.0	[2, 1, 4, 2, 3, 1, 4, 3]	5	[2, 1, 4, 2, 3, 1, 4, 3]	A	400.0	398.0	192.0	190.0	126	512.0	510.0	1	128.0	126.0
165	0	5	432.0	430.0	320.0	318.0	176.0	174.0	loss	2212.0	2032.0	242.0	242.0	[3, 2, 4, 1, 2, 4, 3, 1]	30	[3, 2, 4, 1, 2, 4, 3, 1]	C	320.0	318.0	240.0	238.0	126	352.0	350.0	1	192.0	190.0
166	0	5							loss	2212.0	0.0		415.0	[2]	30	[3, 2, 4, 1, 2, 4, 3, 1]	C					126			0		
167	0	5						190.0	loss	2212.0	736.0	355.0	355.0	[2, 1, 4, 1]	5	[2, 1, 4, 2, 3, 1, 4, 3]	A					126	352.0	350.0	0	192.0	190.0
168	0	5		239.0	352.0	350.0	176.0	174.0	loss	2212.0	2192.0	356.0	356.0	[2, 1, 4, 2, 3, 1, 4, 2]	5	[2, 1, 4, 2, 3, 1, 4, 3]	A	576.0	574.0	208.0	206.0	126	432.0	430.0	0	207.0	205.0
169	0	5	480.0	478.0	432.0	430.0	320.0	318.0	loss	2212.0	2592.0	564.0	564.0	[4, 3, 1, 4, 2, 3, 1, 2]	10	[4, 3, 1, 4, 2, 3, 1, 2]	B	272.0	270.0	272.0	270.0	126	480.0	478.0	1	336.0	334.0
170	1	5	128.0	126.0	352.0	350.0	128.0	126.0	loss	2212.0	1471.0	304.0	304.0	[3, 2, 4, 1, 2, 4, 3, 1]	30	[3, 2, 4, 1, 2, 4, 3, 1]	C	288.0	286.0	144.0	142.0	126	288.0	286.0	0	143.0	141.0
171	0	5			448.0	446.0	448.0	446.0	loss	2182.0	1888.0	354.0	354.0	[4, 3, 1, 4, 2, 4]	10	[4, 3, 1, 4, 2, 3, 1, 2]	B				174.0	126	464.0	462.0	0	352.0	350.0
172	0	5							loss	2182.0	144.0	310.0	310.0	[4, 2]	10	[4, 3, 1, 4, 2, 3, 1, 2]	B					126			0		142.0
173	0	5						158.0	loss	2182.0	848.0	311.0	311.0	[2, 1, 4, 1]	5	[2, 1, 4, 2, 3, 1, 4, 3]	A					126	528.0	526.0	0	160.0	158.0
174	0	5	512.0	510.0	368.0	366.0	368.0	366.0	loss	2182.0	2800.0	1122.0	1122.0	[4, 3, 1, 4, 2, 3, 1, 2]	10	[4, 3, 1, 4, 2, 3, 1, 2]	B	416.0	414.0	272.0	270.0	126	352.0	350.0	1	512.0	510.0
175	0	5	208.0	206.0	688.0	686.0	384.0	382.0	loss	2182.0	3024.0	385.0	385.0	[4, 3, 1, 4, 2, 3, 1, 2]	10	[4, 3, 1, 4, 2, 3, 1, 2]	B	480.0	478.0	256.0	254.0	126	640.0	638.0	1	368.0	366.0
176	0	5			336.0	334.0	208.0	206.0	loss	2182.0	2144.0	258.0	258.0	[2, 1, 4, 2, 3, 1, 2]	5	[2, 1, 4, 2, 3, 1, 4, 3]	A		558.0	176.0	174.0	126	720.0	718.0	0	144.0	142.0
177	0	5				446.0	128.0	126.0	loss	2182.0	1040.0	289.0	289.0	[3, 2, 4, 1, 3]	30	[3, 2, 4, 1, 2, 4, 3, 1]	C					126	320.0	318.0	0	144.0	142.0
178	0	5	336.0	334.0	400.0	398.0	256.0	254.0	loss	2182.0	2273.0	262.0	262.0	[2, 1, 4, 2, 3, 1, 4, 3]	5	[2, 1, 4, 2, 3, 1, 4, 3]	A	448.0	446.0	208.0	206.0	126	416.0	414.0	1	209.0	207.0
179	0	5	144.0	142.0	448.0	446.0	240.0	238.0	loss	2182.0	2176.0	465.0	465.0	[4, 3, 1, 4, 2, 3, 1, 2]	10	[4, 3, 1, 4, 2, 3, 1, 2]	B	464.0	462.0	176.0	174.0	126	592.0	590.0	1	112.0	110.0
180	0	6	176.0	174.0	528.0	526.0	192.0	190.0	loss	2182.0	1969.0	282.0	282.0	[4, 3, 1, 4, 2, 3, 1, 2]	10	[4, 3, 1, 4, 2, 3, 1, 2]	B	384.0	382.0	161.0	159.0	126	448.0	446.0	1	80.0	78.0
181	1	6	192.0	190.0	352.0	350.0	128.0	126.0	loss	2182.0	1584.0	304.0	304.0	[3, 2, 4, 1, 2, 4, 3, 1]	30	[3, 2, 4, 1, 2, 4, 3, 1]	C	224.0	222.0	256.0	254.0	126	224.0	222.0	0	208.0	206.0
182	0	6	128.0	126.0	672.0	670.0	160.0	158.0	loss	2167.0	1968.0	335.0	335.0	[4, 3, 1, 4, 2, 3, 1, 2]	10	[4, 3, 1, 4, 2, 3, 1, 2]	B	448.0	446.0	112.0	110.0	126	352.0	350.0	1	96.0	94.0
183	0	6		142.0	352.0	350.0	96.0	94.0	loss	2167.0	1327.0	260.0	260.0	[4, 3, 1, 4, 2, 3, 1, 3]	10	[4, 3, 1, 4, 2, 3, 1, 2]	B	240.0	238.0	112.0	109.0	126	287.0	286.0	0	96.0	93.0
184	0	6		158.0	256.0	254.0	160.0	158.0	loss	2167.0	1184.0	402.0	402.0	[4, 3, 1, 4, 2, 3, 1, 3]	10	[4, 3, 1, 4, 2, 3, 1, 2]	B	224.0	222.0	112.0	110.0	126	224.0	222.0	0	48.0	46.0
185	0	6			416.0	414.0	240.0	238.0	loss	2167.0	1792.0	276.0	276.0	[2, 1, 4, 2, 3, 1, 3]	5	[2, 1, 4, 2, 3, 1, 4, 3]	A		334.0	192.0	190.0	126	448.0	446.0	0	160.0	158.0
186	0	6			272.0	270.0	176.0	174.0	loss	2167.0	1024.0	242.0	242.0	[3, 2, 4, 1, 2, 3]	30	[3, 2, 4, 1, 2, 4, 3, 1]	C				158.0	126	192.0	190.0	0	224.0	222.0
187	0	6						94.0	loss	2167.0	528.0	304.0	304.0	[2, 1, 4, 1]	5	[2, 1, 4, 2, 3, 1, 4, 3]	A					126	256.0	254.0	0	176.0	174.0
188	0	6							loss	2167.0	272.0	368.0	368.0	[4, 2]	10	[4, 3, 1, 4, 2, 3, 1, 2]	B					126			0		270.0
189	0	6			256.0	254.0	144.0	142.0	loss	2167.0	1600.0	273.0	273.0	[2, 1, 4, 2, 3, 1, 3]	5	[2, 1, 4, 2, 3, 1, 4, 3]	A		462.0	176.0	174.0	126	496.0	494.0	0	64.0	62.0
190	1	6	176.0	174.0	432.0	430.0	208.0	207.0	loss	2167.0	1568.0	257.0	257.0	[3, 2, 4, 1, 2, 4, 3, 1]	30	[3, 2, 4, 1, 2, 4, 3, 1]	C	256.0	255.0	112.0	110.0	126	208.0	206.0	0	176.0	174.0
191	0	6	112.0	110.0	480.0	478.0	144.0	142.0	loss	2085.0	2128.0	543.0	543.0	[2, 1, 4, 2, 3, 1, 4, 3]	5	[2, 1, 4, 2, 3, 1, 4, 3]	A	432.0	430.0	256.0	254.0	126	544.0	542.0	1	160.0	158.0
192	1	6	176.0	174.0	352.0	350.0	144.0	142.0	loss	2085.0	1392.0	356.0	356.0	[3, 2, 4, 1, 2, 4, 3, 1]	30	[3, 2, 4, 1, 2, 4, 3, 1]	C	240.0	238.0	128.0	126.0	126	192.0	190.0	0	160.0	158.0
193	0	6						302.0	loss	2022.0	704.0	191.0	191.0	[3, 2, 4, 2]	30	[3, 2, 4, 1, 2, 4, 3, 1]	C					126	256.0	254.0	0	144.0	142.0
194	1	6	96.0	94.0	448.0	446.0	128.0	126.0	loss	2022.0	1760.0	229.0	229.0	[2, 1, 4, 2, 3, 1, 4, 3]	5	[2, 1, 4, 2, 3, 1, 4, 3]	A	400.0	398.0	176.0	174.0	126	384.0	382.0	0	128.0	126.0
195	0	6							loss	2022.0	480.0	143.0	143.0	[2, 1, 2]	5	[2, 1, 4, 2, 3, 1, 4, 3]	A					126		350.0	0	128.0	126.0
196	1	6	160.0	158.0	384.0	382.0	128.0	126.0	loss	2022.0	1472.0	261.0	261.0	[3, 2, 4, 1, 2, 4, 3, 1]	30	[3, 2, 4, 1, 2, 4, 3, 1]	C	256.0	254.0	96.0	94.0	126	256.0	254.0	0	192.0	190.0
197	0	6			352.0	350.0	128.0	126.0	loss	1990.0	1504.0	390.0	390.0	[2, 1, 4, 2, 3, 1, 3]	5	[2, 1, 4, 2, 3, 1, 4, 3]	A		398.0	144.0	142.0	126	336.0	334.0	0	144.0	142.0
198	0	6			368.0	366.0	208.0	206.0	loss	1990.0	1264.0	512.0	512.0	[3, 2, 4, 1, 2, 3]	30	[3, 2, 4, 1, 2, 4, 3, 1]	C				206.0	126	320.0	318.0	0	160.0	158.0
199	0	6		334.0	368.0	366.0	224.0	222.0	loss	1990.0	2433.0	262.0	262.0	[4, 3, 1, 4, 2, 3, 1, 4]	10	[4, 3, 1, 4, 2, 3, 1, 2]	B	881.0	879.0	32.0	30.0	126	464.0	462.0	0	128.0	126.0
200	0	6			416.0	414.0	144.0	142.0	loss	1990.0	1216.0	384.0	384.0	[3, 2, 4, 1, 2, 3]	30	[3, 2, 4, 1, 2, 4, 3, 1]	C				206.0	126	320.0	318.0	0	128.0	126.0
201	0	6			416.0	414.0	192.0	190.0	loss	1990.0	1184.0	353.0	353.0	[3, 2, 4, 1, 2, 3]	30	[3, 2, 4, 1, 2, 4, 3, 1]	C				158.0	126	208.0	206.0	0	208.0	206.0
202	0	6							loss	1990.0	640.0	226.0	226.0	[4, 3, 2]	10	[4, 3, 1, 4, 2, 3, 1, 2]	B					126		526.0	0	112.0	110.0
203	0	6			496.0	494.0	224.0	222.0	loss	1990.0	1808.0	303.0	303.0	[4, 3, 1, 4, 2, 4]	10	[4, 3, 1, 4, 2, 3, 1, 2]	B				302.0	126	752.0	750.0	0	32.0	30.0
204	0	6	320.0	318.0	368.0	366.0	288.0	286.0	loss	1990.0	2289.0	738.0	738.0	[2, 1, 4, 2, 3, 1, 4, 3]	5	[2, 1, 4, 2, 3, 1, 4, 3]	A	272.0	270.0	353.0	351.0	126	320.0	318.0	1	368.0	366.0
205	0	6			352.0	350.0	160.0	158.0	loss	1990.0	1680.0	563.0	563.0	[2, 1, 4, 2, 3, 1, 3]	5	[2, 1, 4, 2, 3, 1, 4, 3]	A		446.0	160.0	158.0	126	416.0	414.0	0	144.0	142.0
206	0	6	128.0	126.0	384.0	382.0	144.0	142.0	loss	1990.0	1920.0	385.0	385.0	[2, 1, 4, 2, 3, 1, 4, 3]	5	[2, 1, 4, 2, 3, 1, 4, 3]	A	480.0	478.0	272.0	270.0	126	352.0	350.0	1	160.0	158.0
207	0	6	96.0	94.0	320.0	318.0	160.0	158.0	loss	1990.0	1808.0	334.0	334.0	[2, 1, 4, 2, 3, 1, 4, 3]	5	[2, 1, 4, 2, 3, 1, 4, 3]	A	368.0	366.0	256.0	254.0	126	368.0	366.0	1	240.0	238.0
208	0	6							loss	1990.0	384.0	224.0	224.0	[4, 3, 4]	10	[4, 3, 1, 4, 2, 3, 1, 2]	B					126		318.0	0	64.0	62.0
209	1	6	161.0	159.0	416.0	414.0	144.0	142.0	loss	1990.0	1488.0	418.0	418.0	[3, 2, 4, 1, 2, 4, 3, 1]	30	[3, 2, 4, 1, 2, 4, 3, 1]	C	272.0	270.0	112.0	110.0	126	224.0	222.0	0	159.0	157.0
210	0	6							loss	1936.0	0.0		399.0	[1]	5	[2, 1, 4, 2, 3, 1, 4, 3]	A					126			0		
211	0	6				286.0	368.0	366.0	loss	1936.0	1584.0	1408.0	1408.0	[4, 3, 1, 4, 3]	10	[4, 3, 1, 4, 2, 3, 1, 2]	B					126	384.0	382.0	0	544.0	542.0
212	0	6						254.0	loss	1936.0	944.0	766.0	766.0	[3, 2, 4, 2]	30	[3, 2, 4, 1, 2, 4, 3, 1]	C					126	288.0	286.0	0	400.0	398.0
213	0	6			336.0	334.0	256.0	254.0	loss	1936.0	1872.0	720.0	720.0	[3, 2, 4, 1, 2, 4, 2]	30	[3, 2, 4, 1, 2, 4, 3, 1]	C		302.0	304.0	302.0	126	352.0	350.0	0	320.0	318.0
214	0	6				302.0	288.0	286.0	loss	1936.0	1328.0	687.0	687.0	[4, 3, 1, 4, 3]	10	[4, 3, 1, 4, 2, 3, 1, 2]	B					126	320.0	318.0	0	416.0	414.0
215	0	6							loss	1936.0	352.0	447.0	447.0	[4, 4]	10	[4, 3, 1, 4, 2, 3, 1, 2]	B					126			0		350.0
216	0	7	176.0	174.0	320.0	318.0	208.0	206.0	loss	1936.0	1776.0	250.0	250.0	[2, 1, 4, 2, 3, 1, 4, 3]	5	[2, 1, 4, 2, 3, 1, 4, 3]	A	384.0	382.0	160.0	158.0	126	384.0	382.0	1	144.0	142.0
217	0	7				94.0	112.0	110.0	loss	1936.0	544.0	350.0	350.0	[2, 1, 4, 2, 4]	5	[2, 1, 4, 2, 3, 1, 4, 3]	A					126	176.0	174.0	0	160.0	158.0
218	1	7	129.0	127.0	368.0	366.0	192.0	191.0	loss	1936.0	1360.0	260.0	260.0	[3, 2, 4, 1, 2, 4, 3, 1]	30	[3, 2, 4, 1, 2, 4, 3, 1]	C	207.0	205.0	96.0	95.0	126	176.0	174.0	0	192.0	190.0
219	0	7			416.0	414.0	144.0	142.0	loss	1888.0	1152.0	33.0	33.0	[3, 2, 4, 1, 2, 3]	30	[3, 2, 4, 1, 2, 4, 3, 1]	C				206.0	126	192.0	190.0	0	192.0	189.0
220	0	7	176.0	174.0	400.0	398.0	192.0	190.0	loss	1888.0	1600.0	547.0	547.0	[3, 2, 4, 1, 2, 4, 3, 1]	30	[3, 2, 4, 1, 2, 4, 3, 1]	C	288.0	286.0	176.0	174.0	126	208.0	206.0	1	160.0	158.0
221	1	7	176.0	174.0	496.0	494.0	176.0	174.0	loss	1888.0	1568.0	206.0	206.0	[3, 2, 4, 1, 2, 4, 3, 1]	30	[3, 2, 4, 1, 2, 4, 3, 1]	C	288.0	286.0	96.0	94.0	126	144.0	142.0	0	192.0	190.0
222	0	7	176.0	174.0	288.0	286.0	208.0	206.0	loss	1878.0	1872.0	336.0	336.0	[2, 1, 4, 2, 3, 1, 4, 3]	5	[2, 1, 4, 2, 3, 1, 4, 3]	A	368.0	366.0	176.0	174.0	126	480.0	478.0	1	176.0	174.0
223	1	7	128.0	126.0	304.0	302.0	192.0	190.0	loss	1878.0	1375.0	365.0	365.0	[3, 2, 4, 1, 2, 4, 3, 1]	30	[3, 2, 4, 1, 2, 4, 3, 1]	C	224.0	222.0	144.0	141.0	126	271.0	270.0	0	112.0	110.0
224	0	7		126.0	368.0	366.0	320.0	318.0	loss	1872.0	2016.0	189.0	189.0	[4, 3, 1, 4, 2, 3, 1, 4]	10	[4, 3, 1, 4, 2, 3, 1, 2]	B	448.0	446.0	224.0	222.0	126	384.0	382.0	0	144.0	142.0
225	0	7							loss	1872.0	0.0		320.0	[2]	30	[3, 2, 4, 1, 2, 4, 3, 1]	C					126			0		
226	0	7							loss	1872.0	128.0	237.0	237.0	[4, 3, 4]	10	[4, 3, 1, 4, 2, 3, 1, 2]	B					126		30.0	0	96.0	94.0
227	0	7							loss	1872.0	0.0		304.0	[1]	5	[2, 1, 4, 2, 3, 1, 4, 3]	A					126			0		
228	0	7	160.0	158.0	592.0	590.0	160.0	158.0	loss	1872.0	1744.0	291.0	291.0	[3, 2, 4, 1, 2, 4, 3, 1]	30	[3, 2, 4, 1, 2, 4, 3, 1]	C	304.0	302.0	112.0	110.0	126	256.0	254.0	1	160.0	158.0
229	0	7						126.0	loss	1872.0	704.0	237.0	237.0	[3, 2, 4, 2]	30	[3, 2, 4, 1, 2, 4, 3, 1]	C					126	368.0	366.0	0	208.0	206.0
230	0	7	160.0	158.0	512.0	510.0	64.0	62.0	loss	1872.0	2080.0	257.0	257.0	[2, 1, 4, 2, 3, 1, 4, 3]	5	[2, 1, 4, 2, 3, 1, 4, 3]	A	608.0	606.0	208.0	206.0	126	368.0	366.0	1	160.0	158.0
231	1	7	144.0	142.0	336.0	334.0	128.0	126.0	loss	1872.0	1376.0	429.0	429.0	[3, 2, 4, 1, 2, 4, 3, 1]	30	[3, 2, 4, 1, 2, 4, 3, 1]	C	336.0	334.0	112.0	110.0	126	192.0	190.0	0	128.0	126.0
232	1	7	144.0	142.0	304.0	302.0	144.0	142.0	loss	1872.0	1312.0	271.0	271.0	[3, 2, 4, 1, 2, 4, 3, 1]	30	[3, 2, 4, 1, 2, 4, 3, 1]	C	288.0	286.0	144.0	142.0	126	192.0	190.0	0	96.0	94.0
233	0	7							loss	1871.0	528.0	268.0	268.0	[4, 3, 4]	10	[4, 3, 1, 4, 2, 3, 1, 2]	B					126		366.0	0	160.0	158.0
234	0	7			352.0	350.0	256.0	254.0	loss	1871.0	1792.0	79.0	79.0	[2, 1, 4, 2, 3, 1, 2]	5	[2, 1, 4, 2, 3, 1, 4, 3]	A		494.0	224.0	222.0	126	272.0	270.0	0	192.0	190.0
235	0	7			848.0	846.0	128.0	126.0	loss	1871.0	2224.0	271.0	271.0	[3, 2, 4, 1, 2, 4, 2]	30	[3, 2, 4, 1, 2, 4, 3, 1]	C		622.0	224.0	222.0	126	240.0	238.0	0	160.0	158.0
236	0	7	96.0	94.0	432.0	430.0	128.0	126.0	loss	1871.0	1872.0	277.0	277.0	[2, 1, 4, 2, 3, 1, 4, 3]	5	[2, 1, 4, 2, 3, 1, 4, 3]	A	368.0	366.0	320.0	318.0	126	352.0	350.0	1	176.0	174.0
237	0	7	256.0	254.0	512.0	510.0	160.0	158.0	loss	1871.0	2544.0	286.0	286.0	[4, 3, 1, 4, 2, 3, 1, 2]	10	[4, 3, 1, 4, 2, 3, 1, 2]	B	416.0	414.0	192.0	190.0	126	896.0	894.0	1	112.0	110.0
238	0	7	128.0	126.0	352.0	350.0	192.0	190.0	loss	1871.0	1648.0	301.0	301.0	[2, 1, 4, 2, 3, 1, 4, 3]	5	[2, 1, 4, 2, 3, 1, 4, 3]	A	336.0	334.0	224.0	222.0	126	272.0	270.0	1	144.0	142.0
239	0	7			512.0	510.0	160.0	158.0	loss	1871.0	1216.0	210.0	210.0	[2, 1, 4, 2, 3, 2]	5	[2, 1, 4, 2, 3, 1, 4, 3]	A				206.0	126	192.0	190.0	0	144.0	142.0
240	0	7						174.0	loss	1871.0	704.0	254.0	254.0	[4, 3, 1, 2]	10	[4, 3, 1, 4, 2, 3, 1, 2]	B					126	400.0	398.0	0	128.0	126.0
241	0	7		174.0	448.0	446.0	144.0	142.0	loss	1871.0	1952.0	239.0	239.0	[4, 3, 1, 4, 2, 3, 1, 4]	10	[4, 3, 1, 4, 2, 3, 1, 2]	B	304.0	302.0	464.0	462.0	126	288.0	286.0	0	128.0	126.0
242	0	7	144.0	142.0	384.0	382.0	144.0	142.0	loss	1871.0	1967.0	659.0	659.0	[4, 3, 1, 4, 2, 3, 1, 2]	10	[4, 3, 1, 4, 2, 3, 1, 2]	B	287.0	286.0	576.0	575.0	126	320.0	319.0	1	112.0	110.0
243	0	7			352.0	350.0	176.0	174.0	loss	1871.0	1072.0	245.0	245.0	[4, 3, 1, 4, 2, 1]	10	[4, 3, 1, 4, 2, 3, 1, 2]	B				222.0	126	240.0	238.0	0	80.0	78.0
244	0	7				430.0	160.0	158.0	loss	1871.0	1024.0	318.0	318.0	[4, 3, 1, 4, 3]	10	[4, 3, 1, 4, 2, 3, 1, 2]	B					126	352.0	350.0	0	80.0	78.0
245	0	7						94.0	loss	1871.0	640.0	511.0	511.0	[2, 1, 4, 1]	5	[2, 1, 4, 2, 3, 1, 4, 3]	A					126	384.0	382.0	0	160.0	158.0
246	0	7				382.0	256.0	254.0	loss	1871.0	1408.0	735.0	735.0	[4, 3, 1, 4, 3]	10	[4, 3, 1, 4, 2, 3, 1, 2]	B					126	400.0	398.0	0	368.0	366.0
247	0	7	160.0	158.0	432.0	430.0	144.0	142.0	loss	1871.0	1712.0	285.0	285.0	[3, 2, 4, 1, 2, 4, 3, 1]	30	[3, 2, 4, 1, 2, 4, 3, 1]	C	368.0	366.0	144.0	142.0	126	256.0	254.0	1	208.0	206.0
248	0	7			672.0	670.0	128.0	126.0	loss	1871.0	1392.0	333.0	333.0	[4, 3, 1, 4, 2, 1]	10	[4, 3, 1, 4, 2, 3, 1, 2]	B				158.0	126	288.0	286.0	0	144.0	142.0
249	0	7	144.0	142.0	352.0	350.0	223.0	221.0	loss	1871.0	1967.0	230.0	230.0	[2, 1, 4, 2, 3, 1, 4, 3]	5	[2, 1, 4, 2, 3, 1, 4, 3]	A	480.0	478.0	368.0	366.0	126	288.0	287.0	1	112.0	110.0
250	0	7		238.0	448.0	446.0	96.0	94.0	loss	1871.0	2096.0	188.0	188.0	[4, 3, 1, 4, 2, 3, 1, 4]	10	[4, 3, 1, 4, 2, 3, 1, 2]	B	368.0	366.0	352.0	350.0	126	416.0	414.0	0	176.0	174.0
251	0	7						158.0	loss	1871.0	1151.0	990.0	990.0	[2, 1, 4, 3]	5	[2, 1, 4, 2, 3, 1, 4, 3]	A					126	591.0	589.0	0	400.0	398.0
252	0	8						46.0	loss	1871.0	656.0	282.0	282.0	[2, 1, 4, 3]	5	[2, 1, 4, 2, 3, 1, 4, 3]	A					126	448.0	446.0	0	160.0	158.0
253	0	8						142.0	loss	1871.0	848.0	530.0	530.0	[2, 1, 4, 3]	5	[2, 1, 4, 2, 3, 1, 4, 3]	A					126	560.0	558.0	0	144.0	142.0
254	0	8				430.0	160.0	158.0	loss	1871.0	896.0	318.0	318.0	[3, 2, 4, 1, 3]	30	[3, 2, 4, 1, 2, 4, 3, 1]	C					126	160.0	158.0	0	144.0	142.0
255	0	8	192.0	190.0	672.0	670.0	416.0	414.0	loss	1871.0	2384.0	290.0	290.0	[3, 2, 4, 1, 2, 4, 3, 1]	30	[3, 2, 4, 1, 2, 4, 3, 1]	C	336.0	334.0	384.0	382.0	126	240.0	238.0	1	144.0	142.0
256	0	8	256.0	254.0	400.0	398.0	337.0	335.0	loss	1871.0	2529.0	925.0	925.0	[2, 1, 4, 2, 3, 1, 4, 3]	5	[2, 1, 4, 2, 3, 1, 4, 3]	A	272.0	270.0	272.0	270.0	126	384.0	382.0	1	608.0	606.0
257	0	8							loss	1871.0				[]	30	[3, 2, 4, 1, 2, 4, 3, 1]	C					126			1		
258	0	8						126.0	loss	1871.0	688.0	318.0	318.0	[4, 3, 1, 2]	10	[4, 3, 1, 4, 2, 3, 1, 2]	B					126	496.0	494.0	0	64.0	62.0
259	0	8			288.0	286.0	112.0	110.0	loss	1871.0	752.0	292.0	292.0	[3, 2, 4, 1, 2, 3]	30	[3, 2, 4, 1, 2, 4, 3, 1]	C				46.0	126	224.0	222.0	0	80.0	78.0
260	0	8				382.0	192.0	190.0	loss	1871.0	1248.0	266.0	266.0	[2, 1, 4, 2, 2]	5	[2, 1, 4, 2, 3, 1, 4, 3]	A					126	480.0	478.0	0	192.0	190.0
261	0	8			288.0	286.0	144.0	142.0	loss	1871.0	1137.0	413.0	413.0	[2, 1, 4, 2, 3, 2]	5	[2, 1, 4, 2, 3, 1, 4, 3]	A				190.0	126	321.0	319.0	0	192.0	190.0
262	0	8	144.0	142.0	496.0	494.0	96.0	94.0	loss	1871.0	1919.0	449.0	449.0	[4, 3, 1, 4, 2, 3, 1, 2]	10	[4, 3, 1, 4, 2, 3, 1, 2]	B	464.0	462.0	160.0	158.0	126	447.0	446.0	1	112.0	110.0
263	0	8	160.0	158.0	352.0	350.0	80.0	78.0	loss	1871.0	2064.0	171.0	171.0	[2, 1, 4, 2, 3, 1, 4, 3]	5	[2, 1, 4, 2, 3, 1, 4, 3]	A	592.0	590.0	336.0	334.0	126	416.0	414.0	1	128.0	126.0
264	0	8							loss	1871.0	432.0	267.0	267.0	[2, 1, 2]	5	[2, 1, 4, 2, 3, 1, 4, 3]	A					126		335.0	0	96.0	94.0
265	0	8			256.0	254.0	128.0	126.0	loss	1871.0	1440.0	205.0	205.0	[2, 1, 4, 2, 3, 1, 3]	5	[2, 1, 4, 2, 3, 1, 4, 3]	A		382.0	160.0	158.0	126	416.0	414.0	0	96.0	94.0
266	0	8	145.0	143.0	416.0	414.0	96.0	94.0	loss	1871.0	1793.0	321.0	321.0	[4, 3, 1, 4, 2, 3, 1, 2]	10	[4, 3, 1, 4, 2, 3, 1, 2]	B	400.0	398.0	144.0	142.0	126	512.0	510.0	1	80.0	78.0
267	0	8						142.0	loss	1871.0	576.0	368.0	368.0	[4, 3, 1, 2]	10	[4, 3, 1, 4, 2, 3, 1, 2]	B					126	288.0	286.0	0	144.0	142.0
268	0	8	208.0	206.0	288.0	286.0	192.0	190.0	loss	1871.0	1600.0	369.0	369.0	[3, 2, 4, 1, 2, 4, 3, 1]	30	[3, 2, 4, 1, 2, 4, 3, 1]	C	256.0	254.0	272.0	270.0	126	224.0	222.0	1	160.0	158.0
269	1	8	224.0	222.0	288.0	286.0	112.0	110.0	loss	1871.0	1359.0	306.0	306.0	[3, 2, 4, 1, 2, 4, 3, 1]	30	[3, 2, 4, 1, 2, 4, 3, 1]	C	224.0	222.0	128.0	126.0	126	224.0	222.0	0	159.0	158.0
270	0	8							loss	1792.0	432.0	234.0	234.0	[4, 3, 4]	10	[4, 3, 1, 4, 2, 3, 1, 2]	B					126		334.0	0	96.0	94.0
271	1	8	144.0	142.0	368.0	366.0	176.0	174.0	loss	1792.0	1408.0	204.0	204.0	[3, 2, 4, 1, 2, 4, 3, 1]	30	[3, 2, 4, 1, 2, 4, 3, 1]	C	240.0	238.0	112.0	110.0	126	208.0	206.0	0	160.0	158.0
272	0	8			432.0	430.0	112.0	110.0	loss	1776.0	1120.0	242.0	242.0	[4, 3, 1, 4, 2, 3, 4]	10	[4, 3, 1, 4, 2, 3, 1, 2]	B		62.0	144.0	142.0	126	272.0	270.0	0	96.0	93.0
273	0	8	112.0	110.0	480.0	478.0	128.0	126.0	loss	1776.0	1712.0	267.0	267.0	[4, 3, 1, 4, 2, 3, 1, 2]	10	[4, 3, 1, 4, 2, 3, 1, 2]	B	544.0	542.0	64.0	62.0	126	304.0	302.0	1	80.0	78.0
274	0	8						46.0	loss	1776.0	655.0	302.0	302.0	[3, 2, 4, 2]	30	[3, 2, 4, 1, 2, 4, 3, 1]	C					126	304.0	302.0	0	303.0	301.0
275	0	8							loss	1776.0	192.0	757.0	757.0	[4, 2]	10	[4, 3, 1, 4, 2, 3, 1, 2]	B					126			0		190.0
276	0	8	96.0	94.0	576.0	574.0	64.0	62.0	loss	1776.0	1664.0	229.0	229.0	[2, 1, 4, 2, 3, 1, 4, 3]	5	[2, 1, 4, 2, 3, 1, 4, 3]	A	336.0	334.0	144.0	142.0	126	304.0	302.0	1	144.0	142.0
277	0	8			352.0	350.0	128.0	126.0	loss	1776.0	1056.0	328.0	328.0	[4, 3, 1, 4, 2, 4]	10	[4, 3, 1, 4, 2, 3, 1, 2]	B				206.0	126	304.0	302.0	0	64.0	62.0
278	1	8	144.0	142.0	400.0	398.0	160.0	158.0	loss	1776.0	1376.0	269.0	269.0	[3, 2, 4, 1, 2, 4, 3, 1]	30	[3, 2, 4, 1, 2, 4, 3, 1]	C	224.0	222.0	64.0	62.0	126	208.0	206.0	0	176.0	174.0
279	0	8							loss	1742.0	0.0		456.0	[1]	5	[2, 1, 4, 2, 3, 1, 4, 3]	A					126			0		
280	0	8	129.0	127.0	400.0	398.0	128.0	126.0	loss	1742.0	1825.0	283.0	283.0	[2, 1, 4, 2, 3, 1, 4, 3]	5	[2, 1, 4, 2, 3, 1, 4, 3]	A	384.0	382.0	176.0	174.0	126	448.0	446.0	1	160.0	158.0
281	0	8			400.0	398.0	144.0	142.0	loss	1742.0	1040.0	283.0	283.0	[4, 3, 1, 4, 2, 4]	10	[4, 3, 1, 4, 2, 3, 1, 2]	B				142.0	126	256.0	254.0	0	96.0	94.0
282	0	8							loss	1742.0	0.0		436.0	[1]	5	[2, 1, 4, 2, 3, 1, 4, 3]	A					126			0		
283	0	8			304.0	302.0	145.0	143.0	loss	1742.0	801.0	138.0	138.0	[3, 2, 4, 1, 2, 3]	30	[3, 2, 4, 1, 2, 4, 3, 1]	C				46.0	126	144.0	142.0	0	160.0	158.0
284	0	8						142.0	loss	1742.0	480.0	292.0	292.0	[3, 2, 4, 2]	30	[3, 2, 4, 1, 2, 4, 3, 1]	C					126	176.0	174.0	0	160.0	158.0
285	0	8		286.0	544.0	542.0	304.0	302.0	loss	1742.0	2688.0	999.0	999.0	[4, 3, 1, 4, 2, 3, 1, 4]	10	[4, 3, 1, 4, 2, 3, 1, 2]	B	272.0	270.0	304.0	302.0	126	416.0	414.0	0	560.0	558.0
286	0	8	128.0	127.0	368.0	366.0	128.0	126.0	loss	1742.0	1488.0	394.0	394.0	[4, 3, 1, 4, 2, 3, 1, 2]	10	[4, 3, 1, 4, 2, 3, 1, 2]	B	336.0	334.0	192.0	190.0	126	240.0	238.0	1	96.0	94.0
287	0	8			240.0	238.0	112.0	110.0	loss	1742.0	960.0	235.0	235.0	[3, 2, 4, 1, 2, 4, 2]	30	[3, 2, 4, 1, 2, 4, 3, 1]	C		142.0	160.0	158.0	126	176.0	174.0	0	128.0	126.0
288	0	9						78.0	loss	1742.0	705.0	827.0	827.0	[2, 1, 4, 3]	5	[2, 1, 4, 2, 3, 1, 4, 3]	A					126	448.0	446.0	0	177.0	175.0
289	0	9						158.0	loss	1742.0	864.0	692.0	692.0	[4, 3, 1, 2]	10	[4, 3, 1, 4, 2, 3, 1, 2]	B					126	512.0	510.0	0	192.0	190.0
290	0	9						142.0	loss	1742.0	448.0	460.0	460.0	[3, 2, 4, 2]	30	[3, 2, 4, 1, 2, 4, 3, 1]	C					126	160.0	158.0	0	144.0	142.0
291	0	9			432.0	430.0	96.0	94.0	loss	1742.0	1151.0	300.0	300.0	[2, 1, 4, 2, 3, 2]	5	[2, 1, 4, 2, 3, 1, 4, 3]	A				158.0	126	336.0	334.0	0	127.0	125.0
292	0	9			272.0	270.0	144.0	142.0	loss	1742.0	1200.0	204.0	204.0	[3, 2, 4, 1, 2, 4, 2]	30	[3, 2, 4, 1, 2, 4, 3, 1]	C		270.0	208.0	206.0	126	144.0	142.0	0	160.0	158.0
293	0	9	128.0	126.0	448.0	446.0	192.0	190.0	loss	1742.0	1808.0	338.0	338.0	[4, 3, 1, 4, 2, 3, 1, 2]	10	[4, 3, 1, 4, 2, 3, 1, 2]	B	352.0	351.0	160.0	158.0	126	464.0	462.0	1	64.0	62.0
294	1	9	192.0	190.0	272.0	270.0	144.0	142.0	loss	1742.0	1504.0	209.0	209.0	[3, 2, 4, 1, 2, 4, 3, 1]	30	[3, 2, 4, 1, 2, 4, 3, 1]	C	192.0	190.0	368.0	366.0	126	192.0	190.0	0	144.0	142.0
295	0	9							loss	1740.0	224.0	336.0	336.0	[3, 2, 3]	30	[3, 2, 4, 1, 2, 4, 3, 1]	C					126		62.0	0	160.0	158.0
296	1	9	144.0	142.0	304.0	302.0	128.0	126.0	loss	1740.0	1327.0	261.0	261.0	[4, 3, 1, 4, 2, 3, 1, 2]	10	[4, 3, 1, 4, 2, 3, 1, 2]	B	256.0	254.0	128.0	126.0	126	288.0	286.0	0	79.0	78.0
297	0	9		142.0	192.0	190.0	208.0	206.0	loss	1677.0	1232.0	143.0	143.0	[4, 3, 1, 4, 2, 3, 1, 3]	10	[4, 3, 1, 4, 2, 3, 1, 2]	B	224.0	222.0	144.0	142.0	126	240.0	238.0	0	80.0	78.0
298	1	9	160.0	158.0	368.0	366.0	240.0	238.0	loss	1677.0	1440.0	201.0	201.0	[3, 2, 4, 1, 2, 4, 3, 1]	30	[3, 2, 4, 1, 2, 4, 3, 1]	C	240.0	238.0	144.0	142.0	126	160.0	158.0	0	128.0	126.0
299	0	9							loss	1669.0	416.0	218.0	218.0	[3, 2, 1]	30	[3, 2, 4, 1, 2, 4, 3, 1]	C					126		238.0	0	176.0	174.0
300	0	9							loss	1669.0	0.0		275.0	[1]	5	[2, 1, 4, 2, 3, 1, 4, 3]	A					126			0		
301	0	9				398.0	128.0	126.0	loss	1669.0	992.0	365.0	365.0	[4, 3, 1, 4, 3]	10	[4, 3, 1, 4, 2, 3, 1, 2]	B					126	416.0	414.0	0	48.0	46.0
302	0	9							loss	1669.0	0.0		251.0	[1]	5	[2, 1, 4, 2, 3, 1, 4, 3]	A					126			0		
303	0	9	176.0	174.0	576.0	574.0	240.0	238.0	loss	1669.0	1712.0	137.0	137.0	[3, 2, 4, 1, 2, 4, 3, 1]	30	[3, 2, 4, 1, 2, 4, 3, 1]	C	224.0	222.0	128.0	126.0	126	192.0	190.0	1	176.0	174.0
304	0	9	176.0	174.0	416.0	414.0	192.0	190.0	loss	1669.0	1856.0	224.0	224.0	[3, 2, 4, 1, 2, 4, 3, 1]	30	[3, 2, 4, 1, 2, 4, 3, 1]	C	256.0	254.0	128.0	126.0	126	480.0	478.0	1	208.0	206.0
305	0	9						126.0	loss	1669.0	688.0	624.0	624.0	[2, 1, 4, 3]	5	[2, 1, 4, 2, 3, 1, 4, 3]	A					126	432.0	430.0	0	128.0	126.0
306	0	9							loss	1669.0	0.0		131.0	[3]	10	[4, 3, 1, 4, 2, 3, 1, 2]	B					126			0		
307	0	9						126.0	loss	1669.0	592.0	409.0	409.0	[3, 2, 4, 2]	30	[3, 2, 4, 1, 2, 4, 3, 1]	C					126	320.0	318.0	0	144.0	142.0
308	1	9	160.0	158.0	320.0	318.0	144.0	142.0	loss	1669.0	1329.0	274.0	274.0	[3, 2, 4, 1, 2, 4, 3, 1]	30	[3, 2, 4, 1, 2, 4, 3, 1]	C	192.0	190.0	160.0	158.0	126	209.0	207.0	0	144.0	142.0
309	0	9						126.0	loss	1661.0	431.0	232.0	232.0	[3, 2, 4, 2]	30	[3, 2, 4, 1, 2, 4, 3, 1]	C					126	160.0	158.0	0	143.0	142.0
310	0	9	336.0	334.0	448.0	446.0	272.0	270.0	loss	1661.0	2368.0	969.0	969.0	[2, 1, 4, 2, 3, 1, 4, 3]	5	[2, 1, 4, 2, 3, 1, 4, 3]	A	272.0	270.0	416.0	414.0	126	288.0	286.0	1	336.0	334.0
311	1	9	128.0	126.0	351.0	350.0	112.0	110.0	loss	1661.0	1343.0	275.0	275.0	[4, 3, 1, 4, 2, 3, 1, 2]	10	[4, 3, 1, 4, 2, 3, 1, 2]	B	272.0	270.0	80.0	78.0	126	336.0	334.0	0	64.0	62.0
312	1	9	144.0	142.0	256.0	254.0	192.0	190.0	loss	1661.0	1280.0	375.0	375.0	[4, 3, 1, 4, 2, 3, 1, 2]	10	[4, 3, 1, 4, 2, 3, 1, 2]	B	224.0	222.0	112.0	110.0	126	304.0	302.0	0	48.0	46.0
313	0	9						126.0	loss	1645.0	592.0	409.0	409.0	[3, 2, 4, 2]	30	[3, 2, 4, 1, 2, 4, 3, 1]	C					126	256.0	254.0	0	208.0	206.0
314	0	9							loss	1645.0	0.0		265.0	[1]	5	[2, 1, 4, 2, 3, 1, 4, 3]	A					126			0		
315	0	9	144.0	142.0	432.0	430.0	128.0	126.0	loss	1645.0	2128.0	323.0	323.0	[2, 1, 4, 2, 3, 1, 4, 3]	5	[2, 1, 4, 2, 3, 1, 4, 3]	A	480.0	478.0	224.0	222.0	126	688.0	686.0	1	32.0	30.0
316	0	9			416.0	415.0	80.0	78.0	loss	1645.0	1264.0	424.0	424.0	[2, 1, 4, 2, 3, 2]	5	[2, 1, 4, 2, 3, 1, 4, 3]	A				190.0	126	416.0	414.0	0	160.0	158.0
317	0	9							loss	1645.0	544.0	281.0	281.0	[2, 1, 2]	5	[2, 1, 4, 2, 3, 1, 4, 3]	A					126		382.0	0	160.0	158.0
318	0	9	112.0	110.0	320.0	318.0	144.0	142.0	loss	1645.0	1392.0	568.0	568.0	[4, 3, 1, 4, 2, 3, 1, 2]	10	[4, 3, 1, 4, 2, 3, 1, 2]	B	272.0	270.0	96.0	94.0	126	320.0	318.0	1	128.0	126.0
319	0	9						159.0	loss	1645.0	449.0	333.0	333.0	[4, 3, 1, 2]	10	[4, 3, 1, 4, 2, 3, 1, 2]	B					126	224.0	222.0	0	64.0	62.0
320	0	9							loss	1645.0	448.0	202.0	202.0	[2, 1, 1]	5	[2, 1, 4, 2, 3, 1, 4, 3]	A					126		286.0	0	160.0	158.0
321	0	9	176.0	175.0	336.0	334.0	128.0	127.0	loss	1645.0	1344.0	382.0	382.0	[4, 3, 1, 4, 2, 3, 1, 2]	10	[4, 3, 1, 4, 2, 3, 1, 2]	B	288.0	287.0	96.0	94.0	126	208.0	206.0	1	112.0	110.0
322	0	9							loss	1645.0	0.0		142.0	[1]	5	[2, 1, 4, 2, 3, 1, 4, 3]	A					126			0		
323	0	9			320.0	318.0	160.0	158.0	loss	1645.0	1504.0	467.0	467.0	[4, 3, 1, 4, 2, 3, 2]	10	[4, 3, 1, 4, 2, 3, 1, 2]	B		318.0	160.0	158.0	126	400.0	398.0	0	144.0	142.0
